iso;cntry;name;abbr;name_en;leader;orientation;ep_affiliation;eu_stance
AUT;Austria;Österreichische Volkspartei;ÖVP;Austrian People’s Party;Sebastian Kurz;Centre-right;EPP;Somewhat in favour of EU integration
AUT;Austria;Sozialdemokratische Partei Österreichs;SPÖ;Social Democratic Party of Austria;Pamela Rendi-Wagner;Centre-left;S&D;In favour of EU integration
AUT;Austria;Die Grünen – Die Grüne Alternative;GRÜNE;The Greens – The Green Alternative;Werner Kogler;Green;Greens/EFA;Strongly in favour of EU integration
AUT;Austria;Freiheitliche Partei Österreichs;FPÖ;Freedom Party of Austria;Norbert Hofer;Right-wing;ID;Opposed to EU integration
AUT;Austria;NEOS – Das Neue Österreich;NEOS;NEOS – The New Austria;Beate Meinl-Reisinger;Liberal;RE;Strongly in favour of EU integration
AUT;Austria;Team HC Strache – Allianz für Österreich;HC;Team HC Strache – Alliance for Austria;Heinz-Christian Strache;Right-wing;;Opposed to EU integration
AUT;Austria;JETZT – Liste Pilz;JETZT;NOW – List Pilz;Rudolf Mang;Green politics;→Greens/EFA;In favour of EU integration
BEL;Belgium;Nieuw-Vlaamse Alliantie;N-VA;New Flemish Alliance;Bart De Wever;National-conservative;ECR;Neutral towards EU integration
BEL;Belgium;Christen-Democratisch en Vlaams;"CD&amp;V";Christian Democratic and Flemish;Joachim Coens;Centre-right;EPP;Strongly in favour of EU integration
BEL;Belgium;Open Vlaamse Liberalen en Democraten;Open VLD;Open Flemish Liberals and Democrats;Egbert Lachaert;Liberal;RE;Strongly in favour of EU integration
BEL;Belgium;Socialistische Partij Anders;SP.A;Socialist Party Different;Conner Rousseau;Centre-left;S&D;In favour of EU integration
BEL;Belgium;Groen;Groen;Green;Meyrem Almaci;Green politics;Greens/EFA;Strongly in favour of EU integration
BEL;Belgium;Vlaams Belang;VB;Flemish Interest;Tom Van Grieken;Right-wing;ID;Opposed to EU integration
BEL;Belgium;Parti Socialiste;PS;Socialist Party;Paul Magnette;Centre-left;S&D;In favour of EU integration
BEL;Belgium;Mouvement Réformateur;MR;Reformist Movement;Georges-Louis Bouchez;Liberal;RE;Strongly in favour of EU integration
BEL;Belgium;Centre Démocrate Humaniste;cdH;Humanist Democratic Centre;Benoît Lutgen;Centre-right;EPP;In favour of EU integration
BEL;Belgium;Écologistes Confédérés Pour l’Organisation de Luttes Originales;Ecolo;Ecolo;Zakia Khattabi and Jean Marc Nollet;Green politics;Greens/EFA;Strongly in favour of EU integration
BEL;Belgium;Démocrate Fédéraliste Indépendant;DéFI;Democratic Federalist Independent;Olivier Maingain;Centrist;;In favour of EU integration
BEL;Belgium;Partij van de Arbeid van België/Parti du Travail de Belgique;PVDA/PTB;Workers’ Party;Peter Mertens;Left-wing;LEFT;Somewhat opposed to EU integration
BEL;Belgium;ProDG;;;Clemens Scholzen;Centre-right;;In favour of EU integration
BEL;Belgium;Vivant;;;Roland Duchâtelet;Centre-left;;Strongly opposed to EU integration
BGR;Bulgaria;Grazhdani za evropeĭsko razvitie na Bŭlgariya;GERB;Citizens for European Development of Bulgaria;Boyko Borisov;Centre-right;EPP;Strongly in favour of EU integration
BGR;Bulgaria;Bulgarska sotsialisticheska partiya;BSP;Bulgarian Socialist Party;Korneliya Ninova;Centre-left;S&D;Somewhat in favour of EU integration
BGR;Bulgaria;VMRO;VMRO;IMRO – Bulgarian National Movement;Krasimir Karakachanov;National-conservative;ECR;Neutral towards EU integration
BGR;Bulgaria;Dvizhenie za prava i svobodi;DPS;Movement for Rights and Freedoms;Mustafa Karadayŭ;Liberal;RE;In favour of EU integration
BGR;Bulgaria;Sŭyuz na demokratichnite sili;SDS;Union of Democratic Forces;Rumen Hristov;Centre-right;EPP;In favour of EU integration
BGR;Bulgaria;Volya;VOLYA;Will;Veselin Mareshki;Right-wing;ID;Neutral towards EU integration
BGR;Bulgaria;Demokrati za silna Bŭlgariya;DSB;Democrats for a Strong Bulgaria;Atanas Atanasov;Centre-right;EPP;Strongly in favour of EU integration
BGR;Bulgaria;Alternativa za bŭlgarsko vŭzrazhdane;ABV;Alternative for Bulgarian Revival;Rumen Petkov;Centre-left;;In favour of EU integration
BGR;Bulgaria;Natsionalen front za spasenie na Bŭlgariya;NFSB;National Front for the Salvation of Bulgaria;Valeri Simeonov;Right-wing;;Neutral towards EU integration
BGR;Bulgaria;Ataka;ATAKA;Attack;Volen Siderov;Far-right;~NI;Opposed to EU integration
BGR;Bulgaria;Ima Takŭv Narod;ITN;There Are Such People;Slavi Trifonov;Centrist;;Neutral towards EU integration
BGR;Bulgaria;Vŭzrazhdane;;Revival;Kostadin Kostadinov;Right-wing;;Opposed to EU integration
BGR;Bulgaria;Koalitsiya za teb Bŭlgariya;KtB;Coalition for you Bulgaria;Valeri Grigorov;National-conservative;;Somewhat opposed to EU integration
BGR;Bulgaria;KOY-Kompetentnost, Otgovornost, Istina;KOY;CRT-Competence, Responsibility, Truth;Svetozar Sŭev;Right-wing;;Opposed to EU integration
BGR;Bulgaria;Dvizhenie 21;D21;Movement 21;Tatyana Doncheva;Centre-left;;In favour of EU integration
BGR;Bulgaria;Dvizhenie “Bŭlgariya na Grazhdanite”;DBG;Movement “Bulgaria to the Citizens”;Dimitûr Delchev;Centre-right;EPP;In favour of EU integration
BGR;Bulgaria;Zeleno dvizhenie;Zelenite;Green Movement;Borislav Sandov and Vladislav Penev;Green politics;Greens/EFA;Strongly in favour of EU integration
BGR;Bulgaria;Volt Bŭlgariya;Volt;Volt Bulgaria;Nastimir Ananiev;Eurofederalist;Greens/EFA;Strongly in favour of EU integration
BGR;Bulgaria;Republikantsi za Bŭlgariya;RzB;Republicans for Bulgaria;Tsvetan Tsvetanov;Centre-right;;In favour of EU integration
BGR;Bulgaria;Bŭlgar;BL2020;Bulgarian Summer 2020;Boril Sokolov;Centrist;;Somewhat in favour of EU integration
BGR;Bulgaria;Bŭlgarska Progresivna Liniya;BPL;Bulgarian Progressive Line;Krasimir Yankov;Centre-left;;Somewhat in favour of EU integration
BGR;Bulgaria;Edinna Narodna Partiya;ENP;United People’s Party;Valentina Vasileva-Filadelfevs;Liberal;;In favour of EU integration
BGR;Bulgaria;Bŭlgarski Zemedelski Naroden Sŭiuz;BZNS;Bulgarian Agrarian National Union;Nikolay Nenchev;Agrarianism;;Neutral towards EU integration
BGR;Bulgaria;Konservativno Obedinenie na Desnitsata;KOD;Conservative Alliance of the Right;Petŭr Moskov;Right-wing;;Neutral towards EU integration
HRV;Croatia;Hrvatska Demokratska Zajednica;HDZ;Croatian Democratic Union;Andrej Plenković;Centre-right;EPP;Strongly in favour of EU integration
HRV;Croatia;Socijaldemokratska Partija Hrvatske;SDP;Social Democratic Party;Zlatko Komadina (acting);Centre-left;S&D;Strongly in favour of EU integration
HRV;Croatia;Domovinski pokret;DP;Homeland Movement;Miroslav Škoro;National-conservative;→ECR;Opposed to EU integration
HRV;Croatia;Most Nezavisnih Lista;MOST;Bridge of Independent Lists;Božo Petrov;Conservative;→ECR;Neutral towards EU integration
HRV;Croatia;Možemo! – politička platforma;Možemo;We Can! – Political Platform;Collective Leadership;Green politics, left-wing;~ Greens/EFA;In favour of EU integration
HRV;Croatia;Istarski Demokratski Sabor;IDS;Istrian Democratic Assembly;Boris Miletić;Centrist;RE;Strongly in favour of EU integration
HRV;Croatia;Samostalna demokratska srpska stranka;SDSS;Independent Democratic Serb Party;Milorad Pupovac;Designated party for the Serb minority, centre-left;~S&D;In favour of EU integration
HRV;Croatia;Hrvatska socialno-liberalna stranka;HSLS;Croatian Social Liberal Party;Dario Hebrak;Liberal;RE;In favour of EU integration
HRV;Croatia;Hrvatska Seljačka Stranka;HSS;Croatian Peasant Party;Krešo Beljak;Centrist;;In favour of EU integration
HRV;Croatia;Hrvatska konservativna stranka;HKS;Croatian Conservative Party;Marijan Pavliček;National-conservative;ECR;Somewhat opposed to EU integration
HRV;Croatia;Građansko-liberalni savez;GLAS;Civic-Liberal Alliance;Anka Mrak Taritaš;Liberal;RE;Strongly in favour of EU integration
HRV;Croatia;Hrvatska Narodna Stranka-Liberalni Demokrati;HNS;Croatian People’s Party-Liberal Democrats;Ivan Vrdoljak;Liberal;RE;Strongly in favour of EU integration
HRV;Croatia;Centar;CENTAR;Centre;Dalija Orešković and Marijana Puljak;Liberal;~RE;Strongly in favour of EU integration
HRV;Croatia;Hrvatska demokršćanska stranka;HDS;Croatian Christian Democratic Party;Goran Dodig;Centre-right;;Opposed to EU integration
HRV;Croatia;Narodna stranka – Reformisti;Reformisti;People’s Party – Reformists;Radimir Čačić;Centrist;RE;In favour of EU integration
HRV;Croatia;Hrvatska stranka umirovljenika;HSU;Croatian Party of Pensioners;Silvano Hrelja;Centre-left;;In favour of EU integration
HRV;Croatia;Nova ljevica;NL;New Left;Dragan Markovina;Left-wing;;In favour of EU integration
HRV;Croatia;Radnička fronta;RF;Workers’ Front;Collective Leadership;Left-wing;~LEFT;In favour of EU integration
HRV;Croatia;Hrast – Pokret za uspješnu Hrvatsku;Hrast;Growth – Movement for a successful Croatia;Ladislav Ilić;National-conservative;ECR;Opposed to EU integration
HRV;Croatia;Živi Zid;ŽZ;Human Shield;Ivan Vilibor Sinčić;Anti-establishment;NI;Opposed to EU integration
HRV;Croatia;Blok za Hrvatsku;Blok;Bloc for Croatia;Zlatko Hasanbegović;National-conservative;~ECR;Opposed to EU integration
HRV;Croatia;Fokus;;Focus;Davor Nađi;Liberal;;Strongly in favour of EU integration
HRV;Croatia;Savez Roma u Republici Hrvatskoj “Kali Sara”;Kali Sara;Alliance of Roma in the Republic of Croatia “Kali Sara”;Suzana Krčmar;Designated self-government organization for the Roma minority;;In favour of EU integration
HRV;Croatia;Demokratska zajednica Mađara Hrvatske;HM;Democratic Union of Hungarians of Croatia;Robert Jankovics;Designated party for the Hungarian minority;;In favour of EU integration
HRV;Croatia;Bandić Milan 365 – Stranka Rada i Solidarnosti;BM365;Bandić Milan 365 – Labour and Solidarity Party;Milan Bandić;Center-left;;Somewhat in favour of EU integration
HRV;Croatia;Stranka Ivana Pernara;SIP;Party of Ivan Pernar;Ivan Pernar;Centrist, anti-establishment;;Opposed to EU integration
HRV;Croatia;Bruna Esih-Zlatko Hasanbegović: Neovisni za Hrvatsku;NHR;Independents for Croatia;Bruna Esih;Right-wing;→ID;Opposed to EU integration
HRV;Croatia;Hrvatski demokratski savez Slavonije i Baranje;HDSSB;Croatian Democratic Alliance of Slavonia and Baranja;Branimir Glavaš;Centre-right, regionalist;~NI;Somewhat in favour of EU integration
CYP;Cyprus;Dimokratikós Sinagermós;DISY;Democratic Rally;Averof Neophytou;Centre-right;EPP;In favour of EU integration
CYP;Cyprus;Anorthotikó Kómma Ergazómenou Laoú;AKEL;Progressive Party of Working People;Andros Kyprianou;Left-wing;LEFT;Somewhat in favour of EU integration
CYP;Cyprus;Dimokratikó Kómma;DIKO;Democratic Party;Nikolas Papadopoulos;Centre-left;S&D;In favour of EU integration
CYP;Cyprus;Kinima Sosialdimokraton;EDEK;Movement for Social Democracy;Marinos Sizopoulos;Centre-left;S&D;In favour of EU integration
CYP;Cyprus;Symmachía Politón;SYPOL;Citizens’ Alliance;Giorgos Lillikas;Liberal;RE;Somewhat in favour of EU integration
CYP;Cyprus;Kinima Allilengyi;KA;Solidarity Movement;Eleni Theocharous;National-conservative;ECR;Somewhat in favour of EU integration
CYP;Cyprus;Kínima Oikológon – Synergasía Politón;KOSP;Movement of Ecologists – Citizens’ Cooperation;George Perdikes;Green politics;Greens/EFA;In favour of EU integration
CYP;Cyprus;Ethniko Laiko Metopo;ELAM;National Popular Front;Christos Christou;Right-wing extremist;~NI;Neutral towards EU integration
CYP;Cyprus;Dimokratikí Parátaxi;DIPA;Democratic Alignment;Marios Garoyian;Centrist;RE;In favour of EU integration
CYP;Cyprus;Κόμμα για τα Ζώα Κύπρου;APC;Animal Party Cyprus;Kyriacos Kyriacou;Left-wing, Green politics with focus on animal rights;LEFT;Somewhat in favour of EU integration
CYP;Cyprus;Anexartitoi;Anex;Independents;Anna Theologou;Centrist;;In favour of EU integration
CZE;Czechia;ANO 2011;ANO 2011;YES 2011;Andrej Babiš;Centrist;RE;Somewhat in favour of EU integration
CZE;Czechia;Občanská Demokratická Strana;ODS;Civic Democratic Party;Petr Fiala;National-conservative;ECR;Neutral towards EU integration
CZE;Czechia;Česká Pirátská Strana;Piráti;Czech Pirate Party;Ivan Bartoš;Pirate Party politics;Greens/EFA;In favour of EU integration
CZE;Czechia;Svoboda a Přímá Demokracie;SPD;Freedom and Direct Democracy;Tomio Okamura;Right-wing;ID;Strongly opposed to EU integration
CZE;Czechia;Komunistická strana Čech a Moravy;KSČM;Communist Party of Bohemia and Moravia;Vojtěch Filip;Left-wing;LEFT;Opposed to EU integration
CZE;Czechia;Česká Strana Sociálně Demokratická;ČSSD;Czech Social Democratic Party;Jan Hamáček;Centre-left;S&D;In favour of EU integration
CZE;Czechia;Křesťanská a Demokratická Unie – Československá Strana Lidová;KDU–ČSL;Christian and Democratic Union – Czechoslovak People’s Party;Marian Jurečka;Centre-right;EPP;In favour of EU integration
CZE;Czechia;Starostové a Nezávislí;STAN;Mayors and Independents;Vít Rakušan;Centre-right;EPP;Strongly in favour of EU integration
CZE;Czechia;Tradice Odpovědnost Prosperita;TOP 09;TOP 09;Markéta Adamová;Centre-right;EPP;Strongly in favour of EU integration
CZE;Czechia;Strana Zelených;Zelení;Green Party;Magdalena Davis & Michal Berg;Centre-left, Green politics;Greens/EFA;In favour of EU integration
CZE;Czechia;Strana Svobodných Občanů;Svobodní;Party of Free Citizens;Tomáš Pajonk;Right-wing, Libertarian;~NI;Strongly opposed to EU integration
DNK;Denmark;Socialdemokratiet;;Social Democrats;Mette Frederiksen;Centre-left;S&D;Somewhat in favour of EU integration
DNK;Denmark;Venstre – Danmarks Liberale Parti;;Venstre – Denmark’s Liberal Party;Jakob Ellemann-Jensen;Liberal;RE;In favour of EU integration
DNK;Denmark;Dansk Folkeparti;;Danish People’s Party;Kristian Thulesen Dahl;Right-wing;ID;Opposed to EU integration
DNK;Denmark;Enhedslisten – De Rød-Grønne;;Red–Green Alliance<strong>;Collective leadership;Left-wing;LEFT;Opposed to EU integration
DNK;Denmark;Radikale Venstre;;Danish Social Liberal Party<strong>;Sofie Carsten Nielsen;Liberal;RE;Strongly in favour of EU integration
DNK;Denmark;SF – Socialistisk Folkeparti;;Socialist People’s Party<strong>;Pia Olsen Dyhr;Green politics, centre-left to left-wing;Greens/EFA;Somewhat in favour of EU integration
DNK;Denmark;Liberal Alliance;;Liberal Alliance;Alex Vanopslagh;Liberal;→RE;Neutral towards EU integration
DNK;Denmark;Det Konservative Folkeparti;;Conservative People’s Party;Søren Pape Poulsen;Centre-right;EPP;In favour of EU integration
DNK;Denmark;Nye Borgerlige;;The New Right;Pernille Vermund;Right-wing;~NI;Strongly opposed to EU integration
DNK;Denmark;Kristendemokraterne;;Christian Democrats;Isabella Arendt;Centre-right;EPP;In favour of EU integration
DNK;Denmark;Alternativet;;The Alternative;Franciska Rosenkilde;"Left-wing to centre-left; Green politics";→Greens/EFA;In favour of EU integration
DNK;Denmark;Stram Kurs;;Hard Line;Rasmus Paludan;Right-wing extremist;;Strongly opposed to EU integration
DNK;Denmark;Frie Grønne – Danmarks nye venstrefløjsparti;Frie Grønne;Independent Greens – Denmark’s new left-wing party;Sikandar Siddique;"Centre-left to left-wing; Green politics";→Greens/EFA;In favour of EU integration
DNK;Denmark;Veganerpartiet;;Vegan Party;Lisel Vad Olsson;Green politics;~LEFT;
EST;Estonia;Eesti Reformierakond;;Estonian Reform Party;Kaja Kallas;Liberal;RE;Strongly in favour of EU integration
EST;Estonia;Eesti Keskerakond;;Estonian Centre Party;Jüri Ratas;Centrist;RE;In favour of EU integration
EST;Estonia;Eesti Konservatiivne Rahvaerakond;EKRE;Conservative People’s Party of Estonia;Martin Helme;Right-wing;ID;Opposed to EU integration
EST;Estonia;Isamaa;;Pro Patria;Helir-Valdor Seeder;Centre-right;EPP;Somewhat in favour of EU integration
EST;Estonia;Sotsiaaldemokraatlik Erakond;SDE;Social Democratic Party;Indrek Saar;Centre-left;S&D;Strongly in favour of EU integration
EST;Estonia;Erakond Eesti 200;E200;Estonia 200;Kristina Kallas;Liberal;→RE;Strongly in favour of EU integration
EST;Estonia;Erakond Eestimaa Rohelised;ER;Estonian Greens;Züleyxa Izmailova & Kaspar Kurve;Green politics, centre-left;Greens/EFA;In favour of EU integration
EST;Estonia;Eesti Tulevikuerakond;TULE;Party of the Future;Lauri Tõnspoeg;Centre-right, Green;;Ambiguous
FIN;Finland;Suomen Sosialidemokraattinen Puolue;SDP;Social Democratic Party of Finland;Sanna Marin;Centre-left;S&D;In favour of EU integration
FIN;Finland;Perussuomalaiset;PS;Finns Party;Jussi Halla-aho;Right-wing;ID;Opposed to EU integration
FIN;Finland;Kansallinen Kokoomus;Kok;National Coalition;Petteri Orpo;Centre-right;EPP;In favour of EU integration
FIN;Finland;Suomen Keskusta;Kesk;Centre Party of Finland;Annika Saarikko;Centrist, Agrarian;RE;Somewhat in favour of EU integration
FIN;Finland;Vihreä Liitto;Vihr;Green League;Maria Ohisalo;Centre-left, Green;Greens/EFA;Strongly in favour of EU integration
FIN;Finland;Vasemmistoliitto;Vas;Left Alliance;Li Andersson;Left-wing;LEFT;Somewhat in favour of EU integration
FIN;Finland;Svenska folkpartiet i Finland;SFP;Swedish People’s Party of Finland;Anna-Maja Henriksson;Liberal;RE;In favour of EU integration
FIN;Finland;Kristillisdemokraatit;KD;Christian Democrats;Sari Essayah;Centre-right;EPP;Neutral towards EU integration
FIN;Finland;Liike Nyt;Liik;Movement Now;Hjallis Harkimo;Centre-right;~NI;In favour of EU integration
FIN;Finland;Åländska Centern;Centern;Åland Centre;Veronica Thörnroos;Centrist;~RE;In favour of EU integration
FRA;France;La République En Marche;LREM;The Republic on the Move!;Stanislas Guerini;Liberal;RE;Strongly in favour of EU integration
FRA;France;Les Républicains;LR;The Republicans;Christian Jacob;Centre-right;EPP;In favour of EU integration
FRA;France;Mouvement Democrate;MoDem;Democratic Movement;François Bayrou;Liberal;RE;Strongly in favour of EU integration
FRA;France;Territoires de progrès – Mouvement social-démocrate et européen;TDP;Territories of Progress – Social Democratic and European Movement;Gilles Savary;Centrist to centre-left;RE;Strongly in favour of EU integration
FRA;France;Parti Socialiste;PS;Socialist Party;Olivier Faure;Centre-left;S&D;In favour of EU integration
FRA;France;La France Insoumise;FI;Unsubmissive France;Jean-Luc Mélenchon;Left-wing;LEFT;Somewhat opposed to EU integration
FRA;France;Mouvement radical (social libéral);MR;Democratic Radical Movement;Laurent Hénart;Liberal;RE;Strongly in favour of EU integration
FRA;France;Union des démocrates et indépendants;UDI;Union of Democrats and Independents;Jean-Christophe Lagarde;Liberal;RE;Strongly in favour of EU integration
FRA;France;Parti Communiste Français;PCF;French Communist Party;Fabien Roussel;Left-wing;LEFT;Somewhat opposed to EU integration
FRA;France;Agir, la droite constructive;Agir;Act, the Constructive Right;Franck Riester;Liberal;RE;In favour of EU integration
FRA;France;Parti de gauche;PG;Left party;Éric Coquerel and Danielle Simonnet;Left-wing;~LEFT;Somewhat opposed to EU integration
FRA;France;Rassemblement National;RN;National Rally;Marine Le Pen;Right-wing;ID;Strongly opposed to EU integration
FRA;France;Europe Écologie – Les Verts;EELV;Europe Ecology – The Greens;David Cormand;Centre-left, Green;Greens/EFA;In favour of EU integration
FRA;France;Parti radical de gauche;PRG;Radical Party of the Left;Guillaume Lacroix;Centre-left, liberal;S&D;Strongly in favour of EU integration
FRA;France;Les Nouveaux Démocrates;NDémocrates;The New Democrats;Aurélien Taché and Émilie Cariou;Liberal to centre-left;;Strongly in favour of EU integration
FRA;France;Alliance centriste;AC;Centrist Alliance;Philippe Folliot;Liberalism;;In favour of EU integration
FRA;France;Partitu di a Nazione Corsa;PNC;Party of the Corsican Nation;Jean-Christophe Angelini;Progressive regionalist;Greens/EFA;In favour of EU integration
FRA;France;Ensemble, mouvement pour une alternative de gauche, écologiste et solidaire;Ensemble !;Together – Movement for a Left Alternative, Ecological and Solidarity;"";Left-wing;LEFT;Somewhat opposed to EU integration
FRA;France;Femu a Corsica;Femu a Corsica;Let us make Corsica;Jean-Félix Acquaviva;Progressive regionalist;Greens/EFA;In favour of EU integration
FRA;France;Gauche républicaine et socialiste;GRS;Republican and Socialist Left;Emmanuel Maurel and Bastien Faudot;Left-wing;LEFT;Somewhat opposed to EU integration
FRA;France;Parti écologiste;PÉ;Ecologist Party;François de Rugy;Liberalism, Green politics;;In favour of EU integration
FRA;France;Calédonie ensemble;CE;Caledonia together;Philippe Gomès;Centrism, Anti-Caledonian independence;;In favour of EU integration
FRA;France;Force européenne démocrate;FED;Democratic European Force;Hervé Marseille;Centrism;;Strongly in favour of EU integration
FRA;France;Soyons libres;SL;Let us be free;Valérie Pécresse;Centre-right;;In favour of EU integration
FRA;France;Debout la France;DLF;France Arise;Nicolas Dupont-Aignan;National-conservative;→ECR;Strongly opposed to EU integration
FRA;France;Génération·s : le mouvement commun;G.s;Generations: the common movement;Benoît Hamon;Centre-left;S&D;Strongly in favour of EU integration
FRA;France;Les Centristes;LC;The Centrists;Hervé Morin;Centre-right;EPP;In favour of EU integration
FRA;France;Péyi-A;Péyi-A;The Country;Jean-Philippe Nilor and Marcelin Nadeau;Left-wing, Martinique independence;;
FRA;France;Tapura huiraatira;TH;List of the people;Édouard Fritch;Centrist;;
FRA;France;Parti progressiste martiniquais;PPM;Martinique Progressive Party;Serge Letchimy;Centre-left;;
FRA;France;Bâtir le pays Martinique;BPM;Build the Martinique Country;David Zobda;Centre-left;;
FRA;France;Nouvelle Donne;ND;New Deal;Arnaud Lelache and Aline Mouquet;Centre-left;S&D;In favour of EU integration
FRA;France;Mouvement des citoyens;MDC;Citizens’ Movement;Jean-Marie Alexandre;Centre-left;;In favour of EU integration
FRA;France;Rézistan’s Égalité 974;RÉ974;Rézistan’s Equality 974;Jean-Hugues Ratenon;Left-wing;;
FRA;France;Place publique;PP;Public Place;"";Centre-left;S&D;In favour of EU integration
FRA;France;Résistons !;R !;Resist!;Jean Lassalle;Centrist;;Opposed to EU integration
FRA;France;Ligue du Sud;LS;League of the South;Jacques Bompard;Far-right to right-wing;;Opposed to EU integration
FRA;France;Génération écologie;GE;Ecological generation;Delphine Batho;Green politics;;In favour of EU integration
FRA;France;Liberté écologie fraternité;LEF;Freedom ecology fraternity;Marie-Pierre Bresson;Green politics;;In favour of EU integration
FRA;France;Les Patriotes;LP;The Partiotes;Florian Philippot;Right-wing;~NI;Opposed to EU integration
FRA;France;Mouvement des progressistes;MDP;Progressives’ Movement;François Béchieau;Left-wing;;In favour of EU integration
FRA;France;Picardie debout;PD;Picardie Arise;François Ruffin;Left-wing;;
FRA;France;Parti socialiste guyanais;Péyi-A;Guianese Socialist Party;Roland Léandre;Left-wing;;
FRA;France;Pour La Réunion;PLR;For La Réunion;Huguette Bello;Left-wing;;
FRA;France;Guadeloupe unie, solidaire et responsable;GUSR;United Guadeloupe, Solidary and Responsible;Guy Losbar;Centrist;;
FRA;France;Tavini Huiraatira No Te Ao Maohi – Front de libération de Polynésie;Tavini;People’s Servant – Polynesian Liberation Front;Oscar Temaru;Left-wing;;
FRA;France;Cap sur l’avenir;CSA;Focus on the future;Annick Girardin;Center-Left to Left;;
DEU;Germany;Christlich Demokratische Union Deutschlands;CDU;Christian Democratic Union of Germany;Annegret Kramp-Karrenbauer;Centre-right;EPP;In favour of EU integration
DEU;Germany;Sozialdemokratische Partei Deutschlands;SPD;Social Democratic Party of Germany;Norbert Walter-Borjans & Saskia Esken;Centre-left;S&D;Strongly in favour of EU integration
DEU;Germany;Alternative für Deutschland;AfD;Alternative for Germany;Jörg Meuthen & Tino Chrupalla;Right-wing;ID;Opposed to EU integration
DEU;Germany;Bündnis 90/Die Grünen;GRÜNE;Alliance ’90/The Greens;Annalena Baerbock & Robert Habeck;Centre-left, Green;Greens/EFA;Strongly in favour of EU integration
DEU;Germany;Die Linke;Linke;The Left;Susanne Hennig-Wellsow & Janine Wissler;Left-wing;LEFT;Neutral towards EU integration
DEU;Germany;Freie Demokraten;FDP;Free Democratic Party;Christian Lindner;Liberal;RE;In favour of EU integration
DEU;Germany;Christlich-Soziale Union in Bayern e. V.;CSU;Christian Social Union in Bavaria;Markus Söder;Centre-right;EPP;In favour of EU integration
DEU;Germany;Freie Wähler;FW;Free Voters;Hubert Aiwanger;Centrist;RE;In favour of EU integration
DEU;Germany;Die PARTEI  Partei für Arbeit, Rechtsstaat, Tierschutz, Elitenförderung und basisdemokratische Initiative;Die PARTEI;Party for Labour, Rule of Law, Animal Protection, Promotion of Elites and Grassroots Democratic Initiative;Martin Sonneborn;Left-wing, Satire;NI;Strongly in favour of EU integration
DEU;Germany;Ökologisch-Demokratische Partei;ÖDP;Ecological Democratic Party;Christian Rechholz;Green party politics, moderate social conservativism;Greens/EFA;In favour of EU integration
DEU;Germany;Piratenpartei Deutschland;Piraten;Pirate Party Germany;Sebastian Alscher;Pirate politics, social liberalism;Greens/EFA;Strongly in favour of EU integration
DEU;Germany;Familienpartei Deutschlands;Familie;Familiy Party of Germany;Helmut Geuking;Conservativism;ECR;Somewhat in favour of EU integration
DEU;Germany;Volt Deutschland;Volt;Volt Germany;Valerie Sternberg and Reinier van Lanschot;Eurofederalism, social liberalism;Greens/EFA;Strongly in favour of EU integration
DEU;Germany;Partei Mensch Umwelt Tierschutz;Tierschutzpartei;Party Human Environment Animal Protection;Matthias Ebner & Robert Gabel;Left-wing, Green politics with focus on animal rights;LEFT;Somewhat in favour of EU integration
DEU;Germany;Liberal-Konservative Reformer;LKR;Liberal-Conservative Reformers;Bernd Kölmel;National conservativism;ECR;Somewhat opposed to EU integration
DEU;Germany;Nationaldemokratische Partei Deutschlands;NPD;National Democratic Party of Germany;Frank Franz;Right-wing extremist, far-right, Neo-nazist;NI;Strongly opposed to EU integration
GRC;Greece;Néa Dimokratía;ND;New Democracy;Kyriakos Mitsotakis;Centre-right;EPP;Strongly in favour of EU integration
GRC;Greece;Synaspismós Rizospastikís Aristerás – Proodeftikí Symmachía;SYRIZA;Coalition of the Radical Left – Progressive Alliance;Alexis Tsipras;Left-wing  to Centre-left;LEFT;Somewhat in favour of EU integration
GRC;Greece;Kínima Allagís;KINAL;Movement for Change;Fofi Gennimata;Centre-left;S&D;Strongly in favour of EU integration
GRC;Greece;Panellínio Sosialistikó Kínima;PASOK;Panhellenic Socialist Movement;Fofi Gennimata;Centre-left;S&D;Strongly in favour of EU integration
GRC;Greece;Kommounistikó Kómma Elládas;KKE;Communist Party of Greece;Dimitris Koutsoumpas;Communist;NI;Strongly opposed to EU integration
GRC;Greece;Ellinikí Lýsi;EL;Greek Solution;Kyriakos Velopoulos;National-conservative;ECR;Opposed to EU integration
GRC;Greece;Μétopo Evropaikís Realistikís Anypakoís;MeRA25;European Realistic Disobedience Front;Yanis Varoufakis;Left-wing;~NI;Somewhat in favour of EU integration
GRC;Greece;Kínima Dimokratón Sosialistón;KIDISO;Movement of Democratic Socialists;George Papandreou;Centre-left;~S&D;In favour of EU integration
GRC;Greece;Ethnikí Laïkí Syneídisi;E.LA.SYN.;National Popular Consciousness;Giannis Lagos;Far-right extremist;NI;Strongly opposed to EU integration
GRC;Greece;Pléfsi Eleftherías;PE;Course of Freedom;Zoe Konstantopoulou;Left-wing;;Opposed to EU integration
GRC;Greece;Chrysí Avgí;XA;Golden Dawn;Nikolaos Michaloliakos;Far-right extremist, Neo-nazi;~NI;Strongly opposed to EU integration
HUN;Hungary;Fidesz – Magyar Polgári Szövetség;Fidesz;Fidesz – Hungarian Civic Union;Viktor Orbán;Right-wing;NI;Somewhat opposed to EU integration
HUN;Hungary;Kereszténydemokrata Néppárt;KDNP;Christian Democratic People’s Party;Zsolt Semjén;Right-wing;EPP;Somewhat opposed to EU integration
HUN;Hungary;Jobbik Magyarországért Mozgalom;Jobbik;Jobbik Movement for a Better Hungary;Tamás Sneider;Centre-right to Right-wing;NI;Neutral towards EU integration
HUN;Hungary;Magyar Szocialista Párt;MSZP;Hungarian Socialist Party;Bertalan Tóth;Centre-left;S&D;Strongly in favour of EU integration
HUN;Hungary;Demokratikus Koalíció;DK;Democratic Coalition;Ferenc Gyurcsány;Centre-left;S&D;Strongly in favour of EU integration
HUN;Hungary;Lehet Más a Politika;LMP;Politics Can Be Different;Márta Demeter & László Lóránt Keresztes;Green politics, centrist;Greens/EFA;In favour of EU integration
HUN;Hungary;Párbeszéd Magyarországért;;Dialogue for Hungary;Gergely Szilveszter Karácsony & Tímea Szabó;Green politics, centre-left;Greens/EFA;In favour of EU integration
HUN;Hungary;Momentum Mozgalom;MM;Momentum Movement;András Fekete-Győr;Liberal;RE;Strongly in favour of EU integration
HUN;Hungary;Magyar Kétfarkú Kutya Párt;MKKP;Hungarian Two-tailed dog party;Gergely Kovács;Satire;;Ambiguous
HUN;Hungary;Mi Hazánk Mozgalom;MH;Our Homeland Movement;László Toroczkai;Right-wing extremist;~NI;Strongly opposed to EU integration
HUN;Hungary;Igen Szolidaritás Magyarországért Mozgalom;ISZOMM;Yes Solidarity for Hungary Movement;Andrea Huszti;Left-wing to centre-left;;In favour of EU integration
HUN;Hungary;Magyarországi Németek Országos Önkormányzata;MNOÖ;National Self-Government of Germans in Hungary;Ibolya Hock-Englender;Designated German minority organization;;In favour of EU integration
IRL;Ireland;Fianna Fáil;FF;Soldiers of Destiny – The Republican Party;Micheál Martin;Centre-right;RE;In favour of EU integration
IRL;Ireland;Sinn Féin;SF;We Ourselves;Mary Lou McDonald;Left-wing;LEFT;Neutral towards EU integration
IRL;Ireland;Fine Gael;FG;Family of the Irish;Leo Varadkar;Centre-right;EPP;In favour of EU integration
IRL;Ireland;Green Party;GP;Comhaontas Glas;Eamon Ryan;Centre-left, Green politics;Greens/EFA;In favour of EU integration
IRL;Ireland;Labour Party;LAB;Páirtí an Lucht Oibre;Alan Kelly;Centre-left;S&D;In favour of EU integration
IRL;Ireland;Social Democrats;SD;Daonlathaigh Shóisialta;Catherine Murphy and Róisín Shortall;Centre-left;→S&D;Somewhat in favour of EU integration
IRL;Ireland;People Before Profit;PBP;Pobal Roimh Bhrabús;Collective leadership;Left-wing;~LEFT;Opposed to EU integration
IRL;Ireland;Solidarity;;Neart le Chéile;Collective leadership;Left-wing;~LEFT;Opposed to EU integration
IRL;Ireland;Right to Change;R2C;"";Joan Collins;Left-wing;;Neutral towards EU integration
IRL;Ireland;Independents for Change;I4C;Neamhspleáigh ar son an Athraithe;Collective leadership;Left-wing;LEFT;Neutral towards EU integration
IRL;Ireland;Renua Ireland;;Renua Ireland;John Leahy;Right-wing;;Opposed to EU integration
IRL;Ireland;Aontú;Aontú;Unite;Peadar Tóibín;Conservative;;Opposed to EU integration
ITA;Italy;Movimento 5 Stelle;M5S;Five Star Movement;Vito Crimi (acting);Diverse;NI;Somewhat opposed to EU integration
ITA;Italy;Lega;LEGA;League;Matteo Salvini;Right-wing;ID;Opposed to EU integration
ITA;Italy;Partito Democratico;PD;Democratic Party;Nicola Zingaretti;Centre-left;S&D;Strongly in favour of EU integration
ITA;Italy;Forza Italia;FI;Go Italy;Silvio Berlusconi;Centre-right;EPP;Somewhat in favour of EU integration
ITA;Italy;Fratelli d’Italia;FdI;Brothers of Italy;Giorgia Meloni;National-conservative;ECR;Opposed to EU integration
ITA;Italy;Italia Viva;IV;Italy Alive;Matteo Renzi;Liberal;RE;Strongly in favour of EU integration
ITA;Italy;Articolo Uno;Art. 1;Article One;Roberto Speranza;Centre-left;~S&D;In favour of EU integration
ITA;Italy;Südtiroler Volkspartei;SVP;South Tyrolean People’s Party;Arno Kompatscher;Centre-right;EPP;In favour of EU integration
ITA;Italy;Movimento Associativo Italiani all’Estero;MAIE;Associative Movement Italians Abroad;Ricardo Antonio Merlo;Centrist;;In favour of EU integration
ITA;Italy;Cambiamo!;C!;Let’s Change!;Giovanni Toti;National-conservative, centre-right;~ ECR;Somewhat opposed to EU integration
ITA;Italy;Noi con l’Italia;NcI;Us with Italy;Maurizio Lupi;Centre-right;~ EPP;Somewhat in favour of EU integration
ITA;Italy;Alternativa Popolare;AP;Popular Alternative;Paolo Alli;Centre-right;EPP;In favour of EU integration
ITA;Italy;Sinistra Italiana;SI;Italian Left;Nicola Fratoianni;Left-wing;LEFT;Somewhat in favour of EU integration
ITA;Italy;Azione;;Action;Carlo Calenda;Centre-left;S&D;Strongly in favour of EU integration
ITA;Italy;Più Europa;+E;More Europe;Emma Bonino;Liberal;RE;Strongly in favour of EU integration
ITA;Italy;Partito Socialista Italiano;PSI;Socialist Party of Italy;Riccardo Nencini;Centre-left;S&D;In favour of EU integration
ITA;Italy;Green Italia;GI;Green Italy;Annalisa Corrado and Carmine Maturo;Green politics;~ Greens/EFA;Strongly in favour of EU integration
ITA;Italy;Centro Democratico;CD;Democratic Centre;Bruno Tabacci;Liberalism;;In favour of EU integration
ITA;Italy;Partito Autonomista Trentino Tirolese;PATT;Trentino Tyrolean Autonomist Party;Simone Marchiori;Centre-right;EPP;In favour of EU integration
ITA;Italy;Alleanza di Centro;AdC;Alliance of the Centre;Francesco Pionati;Centre-right;;In favour of EU integration
ITA;Italy;Il Popolo della Famiglia;PdF;The People of Family;Mario Adinolfi;Christian fundamentalist;→EPP;Somewhat in favour of EU integration
ITA;Italy;No Europa per l’Italia – Italexit con Paragone;Italexit;No Europe for Italy – Italexit with Paragone;Gianluigi Paragone;Diverse;;Strongly opposed to EU integration
ITA;Italy;Patria e Costituzione;PeC;Fatherland and Constitution;Stefano Fassina;Centre-left;;Neutral towards EU integration
ITA;Italy;Unione Sudamericana Emigrati Italiani;USEI;South American Union Italian Emigrants;Eugenio Sangregorio;Centre-right;;Somewhat in favour of EU integration
ITA;Italy;ÈViva – Primavera Europea;ÈViva;ÈViva – European Spring;"";Left-wing;;Strongly in favour of EU integration
ITA;Italy;Vox Italia;Vox;Vox Italy;Diego Fusaro;Left-wing;;Strongly opposed to EU integration
ITA;Italy;Sud in Testa;SiT;South Ahead;Andrea Caroppo;National-conservative;NI;Opposed to EU integration
ITA;Italy;Partito Comunista;PC;Communist Party;Marco Rizzo;Far-left, communist;NI;Strongly opposed to EU integration
ITA;Italy;Partito della Rifondazione Comunista;PRC;Communist Refoundation Party;Maurizio Acerbo;Left-wing to far-left;LEFT;Opposed to EU integration
ITA;Italy;Radicali Italiani;RI;Italian Radicals;Emma Bonino;Liberal;RE;Strongly in favour of EU integration
ITA;Italy;Federazione dei Verdi;FdV;Federation of the Greens;Matteo Badiali and Elena Grandi;Green politics;Greens/EFA;Strongly in favour of EU integration
ITA;Italy;Volt;Volt;Volt;Federica Vinci and Andi Shehu;Eurofederalism, social liberalism;Greens/EFA;Strongly in favour of EU integration
LVA;Latvia;Sociāldemokrātiskā Partija “Saskaņa”;;Social Democratic Party “Harmony”;Jānis Urbanovičs;Centre-left;S&D;In favour of EU integration
LVA;Latvia;Jaunā Konservatīvā Partija;JKP;New Conservative Party;Jānis Bordāns;Centre-right;→EPP;In favour of EU integration
LVA;Latvia;Nacionālā Apvienība;NA;National Alliance;Raivis Dzintars;National-conservative;ECR;Somewhat in favour of EU integration
LVA;Latvia;Par cilvēcīgu Latviju;PCL;For a Humane Latvia;Rolands Millers;Right-wing;→EPP;Somewhat in favour of EU integration
LVA;Latvia;Vienotība;;Unity;Arvils Ašeradens;Centre-right;EPP;Strongly in favour of EU integration
LVA;Latvia;Kustība Par!;PAR;Movement For!;Daniels Pavļuts;Liberal;RE;Strongly in favour of EU integration
LVA;Latvia;Latvijas Zemnieku savienība;LZS;Latvian Farmers’ Union;Augusts Brigmanis;Centre-right;→EPP;Somewhat in favour of EU integration
LVA;Latvia;Latvijas attīstībai;LA;For Latvia’s Development;Ivars Ijabs (acting);Liberal;RE;Strongly in favour of EU integration
LVA;Latvia;Latvijas Zaļā partija;LZP;Latvian Green Party;Raimonds Vējonis and Viesturs Silenieks;Centre-right, Green politics;→EPP;Somewhat in favour of EU integration
LVA;Latvia;Likums un Kārtība;LK;Law and Order;Aldis Gobzems and Jūlija Stepaņenko;Right-wing;;Opposed to EU integration
LVA;Latvia;Izaugsme;;Growth;Andris Skride;Centrist;;Strongly in favour of EU integration
LVA;Latvia;Latvijas Reģionu Apvienība;LRA;Latvian Association of Regions;Edvards Smiltēns;Conservative;~ ECR;Somewhat in favour of EU integration
LVA;Latvia;Latvijas Krievu Savienība;LKS;Latvian Russian Union;Tatjana Ždanoka;Progressive regionalist;Greens/EFA;Neutral towards EU integration
LVA;Latvia;Progresīvie;;The Progressives;Antoņina Ņenaševa & Edmunds Cepurītis;Centre-left;~ Greens/EFA;In favour of EU integration
LTU;Lithuania;Tėvynės sąjunga – Lietuvos krikščionys demokratai;TS-LKD;Homeland Union – Lithuanian Christian Democrats;Gabrielius Landsbergis;Centre-right;EPP;Strongly in favour of EU integration
LTU;Lithuania;Lietuvos valstiečių ir žaliųjų sąjunga;LVŽS;Lithuanian Farmers and Greens Union;Ramūnas Karbauskis;Centrist, Agrarian, Green;Greens/EFA;Somewhat in favour of EU integration
LTU;Lithuania;Darbo partija;DP;Labour Party;Viktor Uspaskich;Centre-left;NI;Somewhat in favour of EU integration
LTU;Lithuania;Lietuvos socialdemokratų partija;LSDP;Social Democratic Party of Lithuania;Mindaugas Sinkevičius (acting);Centre-left;S&D;Strongly in favour of EU integration
LTU;Lithuania;Laisvės partija;LP;Freedom Party;Aušrinė Armonaitė;Centrist, Liberal;RE;In favour of EU integration
LTU;Lithuania;Lietuvos Respublikos liberalų sąjūdis;LRLS;Liberal Movement of the Republic of Lithuania;Viktorija Čmilytė-Nielsen;Centre-right, Liberal;RE;Strongly in favour of EU integration
LTU;Lithuania;Lietuvos lenkų rinkimų akcija – Krikščioniškų šeimų sąjunga;LLRA-KŠS;Electoral Action of Poles in Lithuania – Christian Families Alliance;Valdemar Tomaševski;Conservative, Polish minority interests;ECR;Somewhat in favour of EU integration
LTU;Lithuania;Lietuvos socialdemokratų darbo partija;LSDDP;Social Democratic Labour Party of Lithuania;Gediminas Kirkilas;Centre-left;→S&D;In favour of EU integration
LTU;Lithuania;Partija „Laisvė ir teisingumas“;LT;Party ‘Freedom and Justice’;Remigijus Žemaitaitis;Centre-right;~RE;Somewhat opposed to EU integration
LTU;Lithuania;Lietuvos Žaliųjų Partija;LŽP;Lithuanian Green Party;Remigijus Lapinskas;Green politics;Greens/EFA;In favour of EU integration
LTU;Lithuania;Krikščionių sąjunga;KS;Christian Union;Rimantas Dagys;Christian-conservative;~ EPP;Somewhat opposed to EU integration
LTU;Lithuania;Centro Partija „Gerovės Lietuva“;GL;Centre Party “Welfare Lithuania”;Naglis Puteikis;National-conservative;→ECR;Neutral towards EU integration
LUX;Luxembourg;Chrëschtlech Sozial Vollekspartei;CSV;Christian Social People’s Party;Marc Spautz;Centre-right;EPP;Strongly in favour of EU integration
LUX;Luxembourg;Demokratesch Partei;DP;Democratic Party;Corinne Cahen;Liberal;RE;Strongly in favour of EU integration
LUX;Luxembourg;Lëtzebuerger Sozialistesch Aarbechterpartei;LSAP;Luxembourg Socialist Workers’ Party;Claude Haagen;Centre-left;S&D;Strongly in favour of EU integration
LUX;Luxembourg;Déi Gréng;Gréng;The Greens;Françoise Folmer & Christian Kmiotek;Green politics;Greens/EFA;In favour of EU integration
LUX;Luxembourg;Piratepartei Lëtzebuerg;PPLU;Pirate Party Luxembourg;Marie-Paule Dondelinger & Flor Starsky;Pirate Party politics;Greens/EFA;Somewhat in favour of EU integration
LUX;Luxembourg;Alternativ Demokratesch Reformpartei;ADR;Alternative Democratic Reform Party;Jean Schoos;National-conservative;ECR;Neutral towards EU integration
LUX;Luxembourg;Déi Lénk;Lénk;The Left;Collective;Left-wing;LEFT;Neutral towards EU integration
LUX;Luxembourg;Volt Luxembourg;Volt;Volt Luxembourg;Julie Pelcé & Daniel Silva;Eurofederalist;Greens/EFA;Strongly in favour of EU integration
LUX;Luxembourg;Kommunistesch Partei vu Lëtzebuerg;KPL;Communist Party of Luxembourg;Ali Ruckert;Communist;~LEFT;Strongly opposed to EU integration
MLT;Malta;Partit Laburista;PL;Labour Party;Robert Abela;Centre-left;S&D;In favour of EU integration
MLT;Malta;Partit Nazzjonalista;PN;Nationalist Party;Adrian Delia;Centre-right;EPP;Strongly in favour of EU integration
MLT;Malta;Alternattiva Demokratika – Partit Demokratiku;AD+PD;Democratic Alternative – Democratic Party;Carmel Cacopardo;Green politics, Centrism;Greens/EFA;Strongly in favour of EU integration
MLT;Malta;Moviment Patrijotti Maltin;MPM;Maltese Patriots Movement;Henry Battistino;Right-wing;~ID;Opposed to EU integration
NLD;Netherlands;Volkspartij voor Vrijheid en Democratie;VVD;People’s Party for Freedom and Democracy;Mark Rutte;Liberal;RE;Somewhat in favour of EU integration
NLD;Netherlands;GroenLinks;GL;GreenLeft;Jesse Klaver;Green politics, Centre-left;Greens/EFA;In favour of EU integration
NLD;Netherlands;Partij voor de Vrijheid;PVV;Party for Freedom;Geert Wilders;Right-wing;ID;Strongly opposed to EU integration
NLD;Netherlands;Christen-Democratisch Appèl;CDA;Christian Democratic Appeal;Wopke Hoekstra;Centre-right;EPP;Somewhat in favour of EU integration
NLD;Netherlands;Socialistische Partij;SP;Socialist Party;Lilian Marijnissen;Left-wing;~LEFT;Somewhat opposed to EU integration
NLD;Netherlands;Forum voor Democratie;FvD;Forum for Democracy;Thierry Baudet;National-conservative;ECR;Strongly opposed to EU integration
NLD;Netherlands;Democraten 66;D66;Democrats 66;Sigrid Kaag;Liberal;RE;Strongly in favour of EU integration
NLD;Netherlands;Juiste Antwoord 21;JA21;Correct Answer 21;Joost Eerdmans and Annabel Nanninga;Conservative;ECR;Strongly opposed to EU integration
NLD;Netherlands;Partij van de Arbeid;PvdA;Labour Party;Lilianne Ploumen;Centre-left;S&D;In favour of EU integration
NLD;Netherlands;Partij voor de Dieren;PvdD;Party for the Animals;Esther Ouwehand;Animal rights, left-wing, Green politics;LEFT;Somewhat opposed to EU integration
NLD;Netherlands;ChristenUnie;CU;Christian Union;Gert-Jan Segers;Centre-right;EPP;Neutral towards EU integration
NLD;Netherlands;50PLUS;50+;Over 50;Liane den Haan;Centre-right;~ EPP;Neutral towards EU integration
NLD;Netherlands;DENK;DENK;Think;Farid Azarkan;Left-wing;;Somewhat in favour of EU integration
NLD;Netherlands;Staatkundig Gereformeerde Partij;SGP;Reformed Political Party;Kees van der Staaij;Christian fundamentalist;ECR;Somewhat opposed to EU integration
NLD;Netherlands;Lijst Henk Krol;LHK;Henk Krol List;Henk Krol;Centrist;;Somewhat in favour of EU integration
NLD;Netherlands;Volt Nederland;Volt;Volt Netherlands;Jason Halbgewachs, Sacha Muller, and Auke Boomsma;Eurofederalism, social liberalism;Greens/EFA;In favour of EU integration
NLD;Netherlands;Code Oranje;Code Oranje;Code Orange;Richard de Mos;Conservative, direct democracy;;Somewhat opposed to EU integration
NLD;Netherlands;BIJ1;BIJ1;Together;Sylvana Simons;Left-wing;;In favour of EU integration
POL;Poland;Prawo i Sprawiedliwość;PiS;Law and Justice;Jarosław Kaczyński;National-conservative;ECR;Somewhat opposed to EU integration
POL;Poland;Platforma Obywatelska;PO;Civic Platform;Borys Budka;Centre-right;EPP;Strongly in favour of EU integration
POL;Poland;Nowa Lewica;SLD;New Left;Włodzimierz Czarzasty;Centre-left;S&D;Strongly in favour of EU integration
POL;Poland;Polskie Stronnictwo Ludowe;PSL;Polish People’s Party;Władysław Kosiniak-Kamysz;Centre-right;EPP;Somewhat in favour of EU integration
POL;Poland;Porozumienie;;Agreement;Jarosław Gowin;Centre-right;ECR;Somewhat opposed to EU integration
POL;Poland;Wiosna;;Spring;Robert Biedroń;Centre-left;S&D;Strongly in favour of EU integration
POL;Poland;Solidarna Polska;SP;Solidaric Poland;Zbigniew Ziobro;Right-wing to far-right;ECR;Opposed to EU integration
POL;Poland;Nowoczesna;.N;Modern;Adam Szłapka;Liberal;RE;Strongly in favour of EU integration
POL;Poland;Kukiz’15;;Kukiz’15;Paweł Kukiz;Centre-right;~NI;Somewhat opposed to EU integration
POL;Poland;Lewica Razem;Razem;Left Together;Collective leadership;Left-wing;;Strongly in favour of EU integration
POL;Poland;Wolność;KORWiN;Liberty;Janusz Korwin-Mikke;Right-wing, Monarchism;~NI;Strongly opposed to EU integration
POL;Poland;Ruch Narodowy;RN;National Movement;Robert Winnicki;Far-right;~NI;Strongly opposed to EU integration
POL;Poland;Inicjatywa Polska;IP;Polish Initiative;Barbara Nowacka;Centre-left;~S&D;In favour of EU integration
POL;Poland;Partia Zieloni;;Greens Party;Małgorzata Tracz and Wojciech Kubalewski;Greens politics, centre-left;Greens/EFA;In favour of EU integration
POL;Poland;Konfederacja Korony Polskiej;KKP;Confederation of the Polish Crown;Grzegorz Braun;Far-right, Monarchism;;Strongly opposed to EU integration
POL;Poland;Unia Europejskich Demokratów;UED;Union of European Democrats;Elżbieta Bińczycka;Liberal;~ EPP;In favour of EU integration
POL;Poland;Komitet Wyborczy Mniejszość Niemiecka;MN;German Minority Electoral Committee;"";German minority interest, Conservative;;In favour of EU integration
POL;Poland;Polska Partia Socjalistyczna;PPS;Polish Socialist Party;Wojciech Konieczny;Left-wing;;In favour of EU integration
POL;Poland;Ruch Polska 2050;PL2050;Movement Poland 2050;Michał Kobosko;Centrist;;In favour of EU integration
POL;Poland;AGROunia;AU;AGROunia;Michał Kołodziejczak;Conservative, Farmers’ interest (self-declared);;Neutral towards EU integration
PRT;Portugal;Partido Socialista;PS;Socialist Party;António Costa;Centre-left;S&D;Strongly in favour of EU integration
PRT;Portugal;Partido Social Democrata;PSD;Social Democratic Party;Rui Rio;Centre-right;EPP;Strongly in favour of EU integration
PRT;Portugal;Centro Democrático e Social-Partido Popular;CDS-PP;CDS-People’s Party;Francisco Rodrigues dos Santos;Centre-right;EPP;In favour of EU integration
PRT;Portugal;Bloco de Esquerda;BE;Left Bloc;Catarina Martins;Left-wing;LEFT;Neutral towards EU integration
PRT;Portugal;Partido Comunista Português;PCP;Portuguese Communist Party;Jerónimo de Sousa;Left-wing, Communist;LEFT;Somewhat opposed to EU integration
PRT;Portugal;Pessoas-Animais-Natureza;PAN;People-Animals-Nature;André Lourenço e Silva;Animal rights;~ Greens/EFA;Neutral towards EU integration
PRT;Portugal;Chega!;CH;Enough!;André Ventura;Right-wing;ID;Somewhat opposed to EU integration
PRT;Portugal;Partido Ecologista “Os Verdes<em>“</em>;PEV;Ecologist Party “The Greens”;Heloísa Apolónia;Green politics, left-wing;Greens/EFA;Somewhat opposed to EU integration
PRT;Portugal;Livre;;Free;Collective leadership;Green politics, Centre-left to Left-wing;~ Greens/EFA;Strongly in favour of EU integration
PRT;Portugal;Iniciativa Liberal;IL;Liberal Initiative;João Cotrim Figueiredo;Liberal;RE;In favour of EU integration
ROU;Romania;Partidul Social Democrat;PSD;Social Democratic Party;Marcel Ciolacu;Centre-left;S&D;Neutral towards EU integration
ROU;Romania;Partidul Național Liberal;PNL;National Liberal Party;Ludovic Orban;Centre-right;EPP;In favour of EU integration
ROU;Romania;USRPLUS;;USRPLUS;Dacian Cioloș & Dan Barna;Liberal;RE;Strongly in favour of EU integration
ROU;Romania;Alianța pentru Unirea Românilor;AUR;Alliance for the Unity of Romanians;George Simion;National-conservative;→ECR;Opposed to EU integration
ROU;Romania;Uniunea Democrată Maghiară din România;UDMR;Democratic Alliance of Hungarians in Romania;Hunor Kelemen;Centre-right;EPP;In favour of EU integration
ROU;Romania;Partidul Mișcarea Populară;PMP;People’s Movement Party;Eugen Tomac;Centre-right;EPP;In favour of EU integration
ROU;Romania;Pro România;PRO;Pro Romania;Victor Ponta;Centre-left;S&D;Somewhat in favour of EU integration
ROU;Romania;Partidul Puterii Umaniste;PPU;Humanist Power Party;Daniel Ionașcu;Centrist;The only MEP of the party sits with S&D, but the party is not a member of the group.;Neutral towards EU integration
ROU;Romania;Partidul Ecologist Român;PER;Romanian Ecologist Party;Dănuţ Pop;Centre-right, Green politics;;In favour of EU integration
ROU;Romania;Alianța Liberalilor și Democraților;ALDE;Alliance of Liberals and Democrats;Călin Popescu-Tăriceanu;Centre-right;~NI;Somewhat in favour of EU integration
ROU;Romania;Uniunea Armenilor din România;UAR;Armenians Union of Romania;Varujan Vosganian;Designated party to represent the Armenian minority in Romania;;In favour of EU integration
ROU;Romania;Forumul Democrat al Germanilor din România;FDGR;Democratic Forum of Germans in Romania;Paul-Jürgen Porr;Designated party to represent the German minority in Romania;EPP;In favour of EU integration
ROU;Romania;Asociaţia Liga Albanezilor din România;ALAR;Association League of Albanians in Romania;"";Designated party to represent the Albanian minority in Romania;;In favour of EU integration
ROU;Romania;Asociaţia Macedonenilor din România;AMR;Association of Macedonians in Romania;Laura Elen Rogobete Cristescu;Designated party to represent the Macedonian minority in Romania;;In favour of EU integration
ROU;Romania;Comunitatea Ruşilor Lipoveni din România;CRLR;Community of Lipovan Russians in Romania;Silviu Feodor;Designated party to represent the Lipovan minority in Romania;;In favour of EU integration
ROU;Romania;Uniunea Polonezilor din România “Dom Polski”;DOM POLSKI;Union of Poles in Romania “Dom Polski”;"";Designated party to represent the Polish minority in Romania;;In favour of EU integration
ROU;Romania;Federaţia Comunităţilor Evreieşti din România;FCER;Jew’s Communities Federation in Romania;Aurel Vainer;Designated party to represent the Jewish minority in Romania;;In favour of EU integration
ROU;Romania;Partida Romilor “Pro-Europa”;Pro Europa;Partida Romilor “Pro-Europa”;Nicolae Păun;Designated party to represent the Roma minority in Romania;;In favour of EU integration
ROU;Romania;Asociaţia Italienilor din România – RO.AS.IT.;RO.AS.IT.;Association of Italians in Romania – RO.AS.IT;Ioana Grosaru;Designated party to represent the Italian minority in Romania;RE;In favour of EU integration
ROU;Romania;Uniunea Bulgara din Banat – România;UBBR;Union of Bulgarians in Banat – Romania;"";Designated party to represent the Bulgarian minority in Romania;;In favour of EU integration
ROU;Romania;Uniunea Croaţilor din România;UCR;Union of Croatians in Romania;Ghera Giureci-Slobodan;Designated party to represent the Croatian minority in Romania;;In favour of EU integration
ROU;Romania;Uniunea Culturală a Rutenilor din România;UCRR;Cultural Union of Rutens in Romania;Jurnal Rutean;Designated party to represent the Ruthenian minority in Romania;;In favour of EU integration
ROU;Romania;Uniunea Democratică a Slovacilor şi Cehilor din România;UDSCR;Democratic Union of Slovaks and Czechs in Romania;Iarco Furic;Designated party to represent the Slovak and Czech minority in Romania;ECR;In favour of EU integration
ROU;Romania;Uniunea Democrată Turcă din România;UDTR;Turkish Democratic Union of Romania;Osman Fedbi;Designated party to represent the Turkish minority in Romania;;In favour of EU integration
ROU;Romania;Uniunea Elenă din România;UER;Hellenic Union of Romania;"";Designated party to represent the Greek minority in Romania;;In favour of EU integration
ROU;Romania;Uniunea Sârbilor din România;USR;Union of Serbs in Romania;Ognean Cristici;Designated party to represent the Serb minority in Romania;;In favour of EU integration
ROU;Romania;Uniunea Ucrainenilor din România;UUR;Union of Ukrainians in Romania;Petrețchi Nicolae Miroslav;Designated party to represent the Ukrainian minority in Romania;;In favour of EU integration
ROU;Romania;Partidul Național Țărănesc Creștin Democrat;PNȚ-CD;Christian-Democratic National Peasants’ Party;Aurelian Pavelescu;National-conservative;ECR;Neutral towards EU integration
SVK;Slovakia;Obyčajní Ľudia;OL’aNO;Ordinary People;Igor Matovič;Centre-right;EPP;Somewhat in favour of EU integration
SVK;Slovakia;Smer – Sociálna Demokracia;SMER;Direction – Social Democracy;Robert Fico;Centrist;S&D;Somewhat in favour of EU integration
SVK;Slovakia;Sme Rodina;SME RODINA;We Are Family;Boris Kollár;Right-wing;ID;Somewhat opposed to EU integration
SVK;Slovakia;Ľudová Strana – Naše Slovensko;L’SNS;People’s Party – Our Slovakia;Marian Kotleba;Far-right, Neo-nazist;NI;Strongly opposed to EU integration
SVK;Slovakia;Sloboda a Solidarita;SaS;Freedom and Solidarity;Richard Sulik;Libertarian;ECR;Neutral towards EU integration
SVK;Slovakia;Za ľudí;ZL’;For the People;Veronika Remišová;Centre-right;→EPP;Strongly in favour of EU integration
SVK;Slovakia;HLAS – sociálna demokracia;HLAS;VOICE – Social Democracy;Peter Pellegrini;Centre-left;→S&D;In favour of EU integration
SVK;Slovakia;KDŽP – Aliancia za Slovensko;KDŽP;KDŽP – Alliance for Slovakia;Tomáš Taraba;Right-wing;;Strongly opposed to EU integration
SVK;Slovakia;Slovenská Národná Strana;SNS;Slovak National Party;Andrej Danko;National-conservative;ECR;Somewhat opposed to EU integration
SVK;Slovakia;Kresťanskodemokratické Hnutie;SMK-MKP;Christian Democratic Movement;Alojz Hlina;Centre-right;EPP;Somewhat in favour of EU integration
SVK;Slovakia;Most–Híd;MOST;Bridge-Bridge;Béla Bugár;Centre-right;EPP;Strongly in favour of EU integration
SVK;Slovakia;Progresívne Slovensko;PS;Progressive Slovakia;Michal Truban;Liberal;RE;Strongly in favour of EU integration
SVK;Slovakia;Strana Maďarskej komunity;SMK-MKP;Party of the Hungarian Community;Krisztián Forró;Centre-right;EPP;In favour of EU integration
SVK;Slovakia;SPOLU – Občianska Demokracia;SPOLU;TOGETHER – Civic Democracy;Miroslav Beblavý;Centre-right;EPP;Strongly in favour of EU integration
SVN;Slovenia;Slovenska Demokratska Stranka;SDS;Slovenian Democratic Party;Janez Janša;Centre-right to right-wing;EPP;Somewhat in favour of EU integration
SVN;Slovenia;Lista Marjana Šarca;LMŠ;Marjan Šarec List;Marjan Šarec;Liberal;RE;In favour of EU integration
SVN;Slovenia;Socialni Demokrati;SD;Social Democrats;Tanja Fajon;Centre-left;S&D;In favour of EU integration
SVN;Slovenia;Levica;;The Left;Luka Mesec;Left-wing;LEFT;Neutral towards EU integration
SVN;Slovenia;Stranka Modernega Centra;SMC;Modern Centre Party;Zdravko Počivalšek;Liberal;RE;Strongly in favour of EU integration
SVN;Slovenia;Nova Slovenija – Krščanski Demokrati;NSi;New Slovenia;Matej Tonin;Centre-right;EPP;In favour of EU integration
SVN;Slovenia;Stranka Alenke Bratušek;SAB;Party of Alenka Bratušek;Alenka Bratušek;Liberal;RE;In favour of EU integration
SVN;Slovenia;Demokratična Stranka Upokojencev Slovenije;DeSUS;Democratic Party of Pensioners of Slovenia;Karl Erjavec;Centrist;RE;In favour of EU integration
SVN;Slovenia;Slovenska Nacionalna Stranka;SNS;Slovenian National Party;Zmago Jelinčič Plemeniti;Right-wing to Far-right;→ID;Somewhat opposed to EU integration
SVN;Slovenia;Slovenska Ljudska Stranka;SLS;Slovenian People’s Party;Marjan Podobnik;Centre-right;EPP;In favour of EU integration
SVN;Slovenia;Piratska stranka Slovenije;PSS;Pirate Party of Slovenia;Rolando Benjamin and Vaz Ferreira;Pirate Party politics;Greens/EFA;In favour of EU integration
SVN;Slovenia;Dobra država;DD;Good state;Bojan Dobovšek;Centrist;;In favour of EU integration
ESP;Spain;Partido Socialista Obrero Español;PSOE;Spanish Socialist Workers’ Party;Pedro Sánchez;Centre-left;S&D;Strongly in favour of EU integration
ESP;Spain;Partido Popular;PP;People’s Party;Pablo Casado;Centre-right;EPP;In favour of EU integration
ESP;Spain;Vox;;Voice;Santiago Abascal;Right-wing;ECR;Somewhat opposed to EU integration
ESP;Spain;Podemos;;We Can;Pablo Iglesias;Left-wing;LEFT(LEFT, NTP);Somewhat in favour of EU integration
ESP;Spain;Esquerra Republicana de Catalunya;ERC;Republican Left of Catalonia;Oriol Junqueras;Progressive separatist, centre-left, Catalan independence;Greens/EFA;In favour of EU integration
ESP;Spain;Partido de los Socialistas de Cataluña;PSC-PSOE;Socialists’ Party of Catalonia;Núria Marín;Centre-left;S&D;Strongly in favour of EU integration
ESP;Spain;Ciudadanos;Cs;Citizens-Party of the Citizenry;Inés Arrimadas;Liberal;RE;Strongly in favour of EU integration
ESP;Spain;Izquierda Unida;IU;United Left;Alberto Garzón;Left-wing;LEFT;Somewhat in favour of EU integration
ESP;Spain;Partido dos Socialistas de Galicia-PSOE;PSdeG-PSOE;Socialists’ Party of Galicia;Xoaquín María Fernández Leiceaga;Centre-left;S&D;Strongly in favour of EU integration
ESP;Spain;Partido Comunista de España;PCE;Communist Party of Spain;Enrique Fernando Santiago Romero;Left-wing;LEFT;Somewhat in favour of EU integration
ESP;Spain;Euzko Alderdi Jeltzalea – Partido Nacionalista Vasco;PNV;Basque National Party – Basque National Party;Andoni Ortuzar;Centrist, Basque regionalist;RE;In favour of EU integration
ESP;Spain;Euskal Herria Bildu;EH Bildu;Basque Country Unite;Arnaldo Otegi;Left-wing, Basque independence;LEFT;Somewhat in favour of EU integration
ESP;Spain;Euskadiko Alderdi Sozialista – Euskadiko Ezkerra;PSE-EE;Socialist Party of the Basque Country–Basque Country Left;Idoia Mendia Cueva;Centre-left;S&D;Strongly in favour of EU integration
ESP;Spain;Junts per Catalunya;JxCAT;Together for Catalonia;Jordi Sànchez;Centre-right, Catalan independence;NI;Somewhat in favour of EU integration
ESP;Spain;Catalunya en Comú;Cat en Comú;Catalonia in Common;Ada Colau;Progressive regionalist;Greens/EFA;In favour of EU integration
ESP;Spain;Partit Demòcrata Europeu Català;PDeCAT;Catalan European Democratic Party;David Bonvehí;Centre-right, Catalan independence;~RE;In favour of EU integration
ESP;Spain;Más Madrid;MM;More Madrid;Iñigo Errejón;Left-wing;Greens/EFA;In favour of EU integration
ESP;Spain;Candidatura d’Unitat Popular;CUP;Popular Unity Candidacy;Carles Riera i Albert;Left-wing;LEFT;Opposed to EU integration
ESP;Spain;Bloc Nacionalista Valencià;BNV;Nationalist Block Valencia;Enric Morera i Català;Progressive separatist;Greens/EFA;In favour of EU integration
ESP;Spain;VERDES Equo;EQUO;GREENS Equo;Inés Sabanés and Florent Marcellesi;Green politics;Greens/EFA;In favour of EU integration
ESP;Spain;Nueva Canarias;NCa;New Canaries;Román Rodríguez Rodríguez;Progressive separatist;Greens/EFA;In favour of EU integration
ESP;Spain;Bloque Nacionalista Galego;BNG;Galician Nationalist Bloc;Ana Pontón;Progressive separatist;Greens/EFA;In favour of EU integration
ESP;Spain;Coalición Canaria;CC;Canarian Coalition;Fernando Clavijo Batlle;Centrist, Canary regionalist;RE;In favour of EU integration
ESP;Spain;Unión del Pueblo Navarro;UPN;Navarrese People’s Union;Javier Esparza;Centre-right;;In favour of EU integration
ESP;Spain;Foro Asturias;FAC;Asturias Forum;Carmen Moriyón;Conservatism;;In favour of EU integration
ESP;Spain;Teruel Existe;TE;Teruel Exists;Tomás Guitarte;Centrist;;In favour of EU integration
ESP;Spain;Partido Regionalista de Cantabria;PRC;Regionalist Party of Cantabria;Miguel Ángel Revilla Roiz;Centrist;;In favour of EU integration
ESP;Spain;Alto Aragón en Común;AAeC;Upper Aragon in Common;Juan Rodríguez Bielsa;Left-wing;;In favour of EU integration
SWE;Sweden;Sveriges Socialdemokratiska Arbetareparti;;Social Democratic Workers’ Party of Sweden;Stefan Löfven;Centre-left;S&D;In favour of EU integration
SWE;Sweden;Moderata samlingspartiet;;Moderate Coalition Party;Ulf Kristersson;Centre-right;EPP;In favour of EU integration
SWE;Sweden;Sverigedemokraterna;SD;Sweden Democrats;Jimmie Åkesson;National-conservative;ECR;Opposed to EU integration
SWE;Sweden;Vänsterpartiet;;Left Party;Nooshi Dadgostar;Left-wing;LEFT;Somewhat opposed to EU integration
SWE;Sweden;Centerpartiet;;Center Party;Annie Lööf;Liberal;RE;In favour of EU integration
SWE;Sweden;Kristdemokraterna;KD;Christian Democrats;Ebba Busch;Centre-right;EPP;In favour of EU integration
SWE;Sweden;Liberalerna;;Liberals;Nyamko Sabuni;Liberal;RE;Strongly in favour of EU integration
SWE;Sweden;Miljöpartiet;MP;Green Party;Per Bolund and Märta Stenevi;Green politics, Centre-left;Greens/EFA;Somewhat in favour of EU integration
