cntry;name;portfolio;took_office;left_office;party;period;in_office;state_secs;ministry;term;deputies;term_of_office
AT;Sebastian Kurz;Chancellor of Austria[a];7 January 2020 (2020-01-07);;ÖVP;NA;NA;NA;NA;NA;NA;NA
AT;Werner Kogler;Vice-Chancellor of AustriaMinister for Arts, Culture, the Civil Service and Sport;7 January 2020 (2020-01-07);;Greens;NA;NA;NA;NA;NA;NA;NA
AT;Karoline Edtstadler;Chancellery minister for the EU and Constitution;7 January 2020 (2020-01-07);;ÖVP;NA;NA;NA;NA;NA;NA;NA
AT;Susanne Raab;Chancellery minister for Women and Integration;7 January 2020 (2020-01-07);;ÖVP;NA;NA;NA;NA;NA;NA;NA
AT;Karl Nehammer;Minister of the Interior;7 January 2020 (2020-01-07);;ÖVP;NA;NA;NA;NA;NA;NA;NA
AT;Alexander Schallenberg;Minister for European and International Affairs;7 January 2020 (2020-01-07);;Independent(ÖVP nominated);NA;NA;NA;NA;NA;NA;NA
AT;Alma Zadić;Minister of Justice;7 January 2020 (2020-01-07);;Greens;NA;NA;NA;NA;NA;NA;NA
AT;Rudolf Anschober;Minister of Social Affairs, Health, Care, and Consumer Protection;7 January 2020 (2020-01-07);;Greens;NA;NA;NA;NA;NA;NA;NA
AT;Christine Aschbacher;Minister of Labour, Family and Youth;7 January 2020 (2020-01-07);9 January 2021;ÖVP;NA;NA;NA;NA;NA;NA;NA
AT;Klaudia Tanner;Minister of Defence;7 January 2020 (2020-01-07);;ÖVP;NA;NA;NA;NA;NA;NA;NA
AT;Heinz Faßmann;Minister of Education, Science, and Research;7 January 2020 (2020-01-07);;Independent(ÖVP nominated);NA;NA;NA;NA;NA;NA;NA
AT;Leonore Gewessler;Minister of Climate Action, Environment, Energy, Mobility, Innovation and Technology[b];7 January 2020 (2020-01-07);;Greens;NA;NA;NA;NA;NA;NA;NA
AT;Elisabeth Köstinger;Minister of Agriculture, Regions, and Tourism;7 January 2020 (2020-01-07);;ÖVP;NA;NA;NA;NA;NA;NA;NA
AT;Margarete Schramböck;Minister of Digital and Economic Affairs;7 January 2020 (2020-01-07);;ÖVP;NA;NA;NA;NA;NA;NA;NA
AT;Gernot Blümel;Minister of Finance;7 January 2020 (2020-01-07);;ÖVP;NA;NA;NA;NA;NA;NA;NA
AT;Magnus Brunner;State secretary in the Ministry for Climate Action, Environment, Energy, Mobility, Innovation and Technology[b];7 January 2020 (2020-01-07);;ÖVP;NA;NA;NA;NA;NA;NA;NA
AT;Andrea Mayer;State secretary in the Ministry for Arts, Culture, the Civil Service and Sport;20 May 2020 (2020-05-20);;Independent(Greens nominated);NA;NA;NA;NA;NA;NA;NA
AT;Ulrike Lunacek;State secretary in the Ministry for Arts, Culture, the Civil Service and Sport;7 January 2020 (2020-01-07);20 May 2020 (2020-05-20);Greens;NA;NA;NA;NA;NA;NA;NA
BE;Alexander De Croo;Prime Minister;1 October 2020;Incumbent;Open Vld;NA;NA;NA;NA;NA;NA;NA
BE;Pierre-Yves Dermagne;Minister of Economy and Labour;1 October 2020;Incumbent;PS;NA;NA;NA;NA;NA;NA;NA
BE;Sophie Wilmès (replaced during illness by David Clarinval);Minister of Foreign Affairs, European Affairs, Trade, and bicultural institutions;1 October 2020;Incumbent;MR;NA;NA;NA;NA;NA;NA;NA
BE;Georges Gilkinet;Minister of Mobility;1 October 2020;Incumbent;ECOLO;NA;NA;NA;NA;NA;NA;NA
BE;Vincent Van Peteghem;Minister of Finance and the Coordination of the fight against fraud;1 October 2020;Incumbent;CD&V;NA;NA;NA;NA;NA;NA;NA
BE;Frank Vandenbroucke;Minister of Social Affairs and Public Health;1 October 2020;Incumbent;sp.a;NA;NA;NA;NA;NA;NA;NA
BE;Petra De Sutter;Minister of Civil Service, Public Enterprises, Telecommunications and Post;1 October 2020;Incumbent;Groen;NA;NA;NA;NA;NA;NA;NA
BE;Vincent Van Quickenborne;Minister of Justice and the North Sea;1 October 2020;Incumbent;Open Vld;NA;NA;NA;NA;NA;NA;NA
BE;David Clarinval;Minister of the Middle Class, Self-employed, SMEs, Agriculture,  Institutional Reforms and Democratic Renewal;1 October 2020;Incumbent;MR;NA;NA;NA;NA;NA;NA;NA
BE;Karine Lalieux;Minister of Pensions, Social Integration, Disabled Persons, Fighting Poverty and Beliris;1 October 2020;Incumbent;PS;NA;NA;NA;NA;NA;NA;NA
BE;Ludivine Dedonder;Minister of Defence;1 October 2020;Incumbent;PS;NA;NA;NA;NA;NA;NA;NA
BE;Zakia Khattabi;Minister of Climate, Environment, Sustainable Development and Green Deal;1 October 2020;Incumbent;ECOLO;NA;NA;NA;NA;NA;NA;NA
BE;Annelies Verlinden;Minister of the Interior, Institutional Reforms and Democratic Renewal;1 October 2020;Incumbent;CD&V;NA;NA;NA;NA;NA;NA;NA
BE;Meryame Kitir;Minister of Development Cooperation and Urban Policy;1 October 2020;Incumbent;sp.a;NA;NA;NA;NA;NA;NA;NA
BE;Tinne Van der Straeten;Minister of Energy;1 October 2020;Incumbent;Groen;NA;NA;NA;NA;NA;NA;NA
BE;Thomas Dermine;"Secretary of State for Recovery and Strategic Investments, in charge of Science Policy ; deputy to the Minister of the Economy and Labour";1 October 2020;Incumbent;PS;NA;NA;NA;NA;NA;NA;NA
BE;Mathieu Michel (politician);"Secretary of State for Digital Agenda, Administrative Simplification, Privacy and Public Buildings Management ; deputy to the Prime ministre";1 October 2020;Incumbent;MR;NA;NA;NA;NA;NA;NA;NA
BE;Sarah Schlitz;"Secretary of State for Gender Equality, Equal Opportunities and Diversity ; deputy to the Minister of Mobility";1 October 2020;Incumbent;ECOLO;NA;NA;NA;NA;NA;NA;NA
BE;Sammy Mahdi;Secretary of State for Asylum and Migration, in charge of the National Lottery, deputy to the Minister of the Interior, Institutional Reforms and Democratic Renewal;1 October 2020;Incumbent;CD&V;NA;NA;NA;NA;NA;NA;NA
BE;Eva De Bleeker;Secretary of State for Budget and Consumers protection, deputy to the Minister of Justice and the North Sea;1 October 2020;Incumbent;Open Vld;NA;NA;NA;NA;NA;NA;NA
BG;Tomislav Donchev;Deputy Prime Minister;NA;NA;GERB;NA;NA;NA;NA;NA;NA;NA
BG;Mariyana Nikolova;Deputy Prime Minister in charge of economy and demographic policies;NA;NA;United Patriots (NFSB);NA;NA;NA;NA;NA;NA;NA
BG;Ekaterina Zakharieva;Deputy Prime Minister in charge of the judiciary reform and Minister of Foreign Affairs;NA;NA;nominated by GERB, unaffiliated;NA;NA;NA;NA;NA;NA;NA
BG;Krasimir Karakachanov;Deputy Prime Minister in charge of public order and national security and Minister of Defence;NA;NA;United Patriots (VMRO);NA;NA;NA;NA;NA;NA;NA
BG;Hristo Terziyski;Minister of Interior;NA;NA;GERB;NA;NA;NA;NA;NA;NA;NA
BG;Kiril Ananiev;Minister of Finance;NA;NA;GERB;NA;NA;NA;NA;NA;NA;NA
BG;Lilyana Pavlova;Minister in charge of the Bulgarian Presidency of the Council of the European Union in 2018;NA;NA;GERB;NA;NA;NA;NA;NA;NA;NA
BG;Desislava Ahladova;Minister of Justice;NA;NA;GERB;NA;NA;NA;NA;NA;NA;NA
BG;Denitsa Sacheva;Minister of Labour and Social Policies;NA;NA;nominated by the United Patriots;NA;NA;NA;NA;NA;NA;NA
BG;Petya Avramova;Minister of Regional Development and Public Works;NA;NA;GERB;NA;NA;NA;NA;NA;NA;NA
BG;Lachezar Borisov;Minister of Economy;NA;NA;nominated by the United Patriots;NA;NA;NA;NA;NA;NA;NA
BG;Temenuzhka Petkova;Minister of Energy;NA;NA;nominated by GERB, unaffiliated;NA;NA;NA;NA;NA;NA;NA
BG;Emil Dimitrov;Minister of Environment and Water;NA;NA;nominated by the United Patriots;NA;NA;NA;NA;NA;NA;NA
BG;Desislava Taneva;Minister of Agriculture, Food and Forestry;NA;NA;nominated by the United Patriots;NA;NA;NA;NA;NA;NA;NA
BG;Rossen Jeliazkov;Minister of Transport, Information Technologies and Communications;NA;NA;GERB;NA;NA;NA;NA;NA;NA;NA
BG;Krasimir Valchev;Minister of Education and Science;NA;NA;nominated by GERB;NA;NA;NA;NA;NA;NA;NA
BG;Kostadin Angelov;Minister of Health;NA;NA;nominated by GERB, unaffiliated;NA;NA;NA;NA;NA;NA;NA
BG;Boil Banov;Minister of Culture;NA;NA;unaffiliated;NA;NA;NA;NA;NA;NA;NA
BG;Mariyana Nikolova;Minister of Tourism;NA;NA;GERB;NA;NA;NA;NA;NA;NA;NA
BG;Krasen Kralev;Minister of Youth and Sports;NA;NA;GERB;NA;NA;NA;NA;NA;NA;NA
CY;Nicos Anastasiades;President;NA;NA;DISY;28 Feb 2018 –;NA;NA;NA;NA;NA;NA
CY;Nikos Christodoulides;Minister of Foreign Affairs;NA;NA;DISY;1 Mar 2018 –;NA;NA;NA;NA;NA;NA
CY;Constantinos Petrides;Minister of Interior;NA;NA;DISY;1 Mar 2018 –;NA;NA;NA;NA;NA;NA
CY;Harris Georgiades;Minister of Finance;NA;NA;DISY;1 Mar 2018 –;NA;NA;NA;NA;NA;NA
CY;Georgios Lakkotrypis;Minister of Energy, Commerce, Industry and Tourism;NA;NA;Independent;1 Mar 2018 –;NA;NA;NA;NA;NA;NA
CY;Zeta Emilianidou;Minister of Labour and Social Insurance;NA;NA;Independent;1 Mar 2018 –;NA;NA;NA;NA;NA;NA
CY;Costas Kadis;Minister of Agriculture, Natural Resources and Environment;NA;NA;Independent;1 Mar 2018 –;NA;NA;NA;NA;NA;NA
CY;Costas Hambiaouris;Minister of Education and Culture;NA;NA;Independent;1 Mar 2018 – 1 December 2019;NA;NA;NA;NA;NA;NA
CY;Ionas Nicolaou;Minister of Justice and Public Order;NA;NA;DISY;1 Mar 2018 –;NA;NA;NA;NA;NA;NA
CY;Savvas Angelides;Minister of Defence;NA;NA;Independent;1 Mar 2018 –;NA;NA;NA;NA;NA;NA
CY;Vassiliki Anastasiadou;Minister of Transport, Communications and Works;NA;NA;Independent;1 Mar 2018 –;NA;NA;NA;NA;NA;NA
CY;Constantinos Ioannou;Minister of Health;NA;NA;Independent;1 Mar 2018 –;NA;NA;NA;NA;NA;NA
CY;Prodromos Prodromou;Government spokesman;NA;NA;DISY;1 Mar 2018 –;NA;NA;NA;NA;NA;NA
CY;Vasilis Palmas;Deputy Minister to the President;NA;NA;Independent;1 Mar 2018 –;NA;NA;NA;NA;NA;NA
CY;Natasa Pileidou;Deputy Minister of Shipping;NA;NA;DISY;1 Mar 2018 –;NA;NA;NA;NA;NA;NA
CY;Savvas Perdios;Deputy Minister of Tourism;NA;NA;Independent;Jan 2019 -;NA;NA;NA;NA;NA;NA
CY;Klelia Vassiliou;Deputy government spokesman;NA;NA;Independent;1 Mar 2018 –;NA;NA;NA;NA;NA;NA
CZ;Andrej Babiš;Chairman of the Government;NA;NA;ANO;NA;NA;NA;NA;NA;NA;NA
CZ;Tomáš Petříček;Minister of Foreign Affairs;NA;NA;ČSSD;NA;NA;NA;NA;NA;NA;NA
CZ;Jan Hamáček;Minister of the Interior;NA;NA;ČSSD;NA;NA;NA;NA;NA;NA;NA
CZ;Alena Schillerová;Finance Minister;NA;NA;nominated by ANO;NA;NA;NA;NA;NA;NA;NA
CZ;Lubomír Metnar;Minister of Defense;NA;NA;nominated by ANO;NA;NA;NA;NA;NA;NA;NA
CZ;Marie Benešova;Minister of Justice;NA;NA;nominated by ANO;NA;NA;NA;NA;NA;NA;NA
CZ;Karel Havlíček;Minister of Industry and Trade;NA;NA;nominated by ANO;NA;NA;NA;NA;NA;NA;NA
CZ;Klára Dostálová;Minister for Regional Development;NA;NA;nominated by ANO;NA;NA;NA;NA;NA;NA;NA
CZ;Jan Blatný;Ministry of Health;NA;NA;nominated by ANO;NA;NA;NA;NA;NA;NA;NA
CZ;Jana Maláčová;Minister of Labour and Social Affairs;NA;NA;ČSSD;NA;NA;NA;NA;NA;NA;NA
CZ;Robert Plaga;Minister of Education, Youth and Sports;NA;NA;nominated by ANO;NA;NA;NA;NA;NA;NA;NA
CZ;Karel Havlíček;Minister of Transport;NA;NA;nominated by ANO;NA;NA;NA;NA;NA;NA;NA
CZ;Richard Brabec;Minister of the Environment;NA;NA;ANO;NA;NA;NA;NA;NA;NA;NA
CZ;Lubomír Zaorálek;Minister of Culture;NA;NA;ČSSD;NA;NA;NA;NA;NA;NA;NA
CZ;Miroslav Toman;Minister of Agriculture;NA;NA;nominated by ČSSD;NA;NA;NA;NA;NA;NA;NA
DE;Angela Merkel;Chancellor of Germany;NA;NA;CDU;NA;22 November 2005 – present;Annette Widmann-Mauz (StMin)Migrants, Refugees and IntegrationMonika Grütters (StMin)Culture and MediaHendrik Hoppenstedt (StMin)Cooperation between federation and statesDorothee Bär (StMin)Digitalization;NA;NA;NA;NA
DE;Olaf Scholz;Vice Chancellor of GermanyFederal Minister of Finance;NA;NA;SPD;NA;14 March 2018 – present;Bettina Hagedorn;NA;NA;NA;NA
DE;Horst Seehofer;Federal Minister of the Interior, Building and Community;NA;NA;CSU;NA;14 March 2018 – present;Günter KringsStephan MayerMarco Wanderwitz;NA;NA;NA;NA
DE;Heiko Maas;Federal Minister of Foreign Affairs;NA;NA;SPD;NA;14 March 2018 – present;Niels Annen (StMin)Michelle Müntefering (StMin)CultureMichael Roth (StMin)European affairs;NA;NA;NA;NA
DE;Peter Altmaier;Federal Minister for Economics and Energy;NA;NA;CDU;NA;14 March 2018 – present;Thomas BareißChristian HirteEast German affairsOliver Wittke;NA;NA;NA;NA
DE;Christine Lambrecht;Federal Minister of Justice and Consumer Protection;NA;NA;SPD;NA;27 June 2019 – present;Rita Hagl-KehlChristian Lange;NA;NA;NA;NA
DE;Hubertus Heil;Federal Minister for Labour and Social Affairs;NA;NA;SPD;NA;14 March 2018 – present;Annette KrammeKerstin Griese;NA;NA;NA;NA
DE;Annegret Kramp-Karrenbauer;Federal Minister of Defence;NA;NA;CDU;NA;17 July 2019 – present;Thomas SilberhornPeter Tauber;NA;NA;NA;NA
DE;Julia Klöckner;Federal Minister for Food and Agriculture;NA;NA;CDU;NA;14 March 2018 – present;Hans-Joachim FuchtelMichael Stübgen;NA;NA;NA;NA
DE;Franziska Giffey;Federal Minister for Family Affairs, Senior Citizens, Women and Youth;NA;NA;SPD;NA;14 March 2018 – present;Caren MarksStefan Zierke;NA;NA;NA;NA
DE;Jens Spahn;Federal Minister for Health;NA;NA;CDU;NA;14 March 2018 – present;Thomas GebhartSabine Weiss;NA;NA;NA;NA
DE;Andreas Scheuer;Federal Minister for Transport and Digital Infrastructure;NA;NA;CSU;NA;14 March 2018 – present;Steffen BilgerEnak Ferlemann;NA;NA;NA;NA
DE;Svenja Schulze;Federal Minister for the Environment, Nature Conservation and Nuclear Safety;NA;NA;SPD;NA;14 March 2018 – present;Florian PronoldRita Schwarzelühr-Sutter;NA;NA;NA;NA
DE;Anja Karliczek;Federal Minister for Education and Research;NA;NA;CDU;NA;14 March 2018 – present;Michael MeisterThomas Rachel;NA;NA;NA;NA
DE;Gerd Müller;Federal Minister for Economic Cooperation and Development;NA;NA;CSU;NA;17 December 2013 – present;Norbert BarthleMaria Flachsbarth;NA;NA;NA;NA
DE;Helge Braun;Federal Minister for Special AffairsHead of the Chancellery;NA;NA;CDU;NA;14 March 2018 – present;;NA;NA;NA;NA
DK;Mette Frederiksen;Prime Minister;NA;NA;The Social Democratic Party;NA;NA;NA;NA;NA;NA;NA
DK;Nicolai Wammen;Minister for Finance;NA;NA;The Social Democratic Party;NA;NA;NA;NA;NA;NA;NA
DK;Jeppe Kofod;Minister for Foreign Affairs;NA;NA;The Social Democratic Party;NA;NA;NA;NA;NA;NA;NA
DK;Nick Hækkerup;Minister for Justice;NA;NA;The Social Democratic Party;NA;NA;NA;NA;NA;NA;NA
DK;Astrid Krag;;NA;NA;The Social Democratic Party;NA;NA;NA;NA;NA;NA;NA
DK;Morten Bødskov;Minister for Taxation;NA;NA;The Social Democratic Party;NA;NA;NA;NA;NA;NA;NA
DK;Dan Jørgensen;Minister for Climate, Energy and Utilities;NA;NA;The Social Democratic Party;NA;NA;NA;NA;NA;NA;NA
DK;Magnus Heunicke;Minister for Health;NA;NA;The Social Democratic Party;NA;NA;NA;NA;NA;NA;NA
DK;Benny Engelbrecht;Minister for Transport;NA;NA;The Social Democratic Party;NA;NA;NA;NA;NA;NA;NA
DK;Rasmus Prehn;Minister for Food, Agriculture and Fisheries;NA;NA;The Social Democratic Party;NA;NA;NA;NA;NA;NA;NA
DK;Pernille Rosenkrantz-Theil;Minister for Children and Education;NA;NA;The Social Democratic Party;NA;NA;NA;NA;NA;NA;NA
DK;Trine Bramsen;Minister of Defence;NA;NA;The Social Democratic Party;NA;NA;NA;NA;NA;NA;NA
DK;Ane Halsboe-Jørgensen;Minister for Higher Education and Science;NA;NA;The Social Democratic Party;NA;NA;NA;NA;NA;NA;NA
DK;Simon Kollerup;Minister for Industry, Business and Financial Affairs;NA;NA;The Social Democratic Party;NA;NA;NA;NA;NA;NA;NA
DK;Mattias Tesfaye;Minister for Immigration and Integration;NA;NA;The Social Democratic Party;NA;NA;NA;NA;NA;NA;NA
DK;Peter Hummelgaard;Minister for Employment and minister for Gender Equality;NA;NA;The Social Democratic Party;NA;NA;NA;NA;NA;NA;NA
DK;Kaare Dybvad;;NA;NA;The Social Democratic Party;NA;NA;NA;NA;NA;NA;NA
DK;Lea Wermelin;Minister for the Environment;NA;NA;The Social Democratic Party;NA;NA;NA;NA;NA;NA;NA
DK;Joy Mogensen (S);Minister for Culture and Minister for Ecclesiastical AffairsJoy Mogensen (S);NA;NA;The Social Democratic Party;NA;NA;NA;NA;NA;NA;NA
DK;Flemming Møller Mortensen;Minister for Development Cooperation and Nordic Cooperation;NA;NA;The Social Democratic Party;NA;NA;NA;NA;NA;NA;NA
EE;Jüri Ratas;Prime Minister;23 November 2016;26 January 2021;Centre;NA;NA;NA;NA;NA;NA;NA
EE;Martin Helme;Minister of Finance;29 April 2019;26 January 2021;EKRE;NA;NA;NA;NA;NA;NA;NA
EE;Jaak Aab;Minister of Public Administration;29 April 2019;25 November 2020;Centre;NA;NA;NA;NA;NA;NA;NA
EE;Anneli Ott;Minister of Public Administration;25 November 2020;26 January 2021;Centre;NA;NA;NA;NA;NA;NA;NA
EE;Urmas Reinsalu;Minister of Foreign Affairs;29 April 2019;26 January 2021;Isamaa;NA;NA;NA;NA;NA;NA;NA
EE;Taavi Aas;Minister of Economic Affairs and Infrastructure;29 April 2019;to the next cabinet;Centre;NA;NA;NA;NA;NA;NA;NA
EE;Marti Kuusik;Minister of Foreign Trade andInformation Technology;29 April 2019;30 April 2019;EKRE;NA;NA;NA;NA;NA;NA;NA
EE;Kert Kingo;Minister of Foreign Trade andInformation Technology;16 May 2019;25 October 2019;EKRE;NA;NA;NA;NA;NA;NA;NA
EE;Kaimar Karu;Minister of Foreign Trade andInformation Technology;2 November 2019;17 April 2020;Independent;NA;NA;NA;NA;NA;NA;NA
EE;Raul Siem;Minister of Foreign Trade andInformation Technology;20 April 2020;26 January 2021;EKRE;NA;NA;NA;NA;NA;NA;NA
EE;Raivo Aeg;Minister of Justice;29 April 2019;26 January 2021;Isamaa;NA;NA;NA;NA;NA;NA;NA
EE;Jüri Luik;Minister of Defence;12 June 2017;26 January 2021;Isamaa;NA;NA;NA;NA;NA;NA;NA
EE;Tõnis Lukas;Minister of Culture;29 April 2019;26 January 2021;Isamaa;NA;NA;NA;NA;NA;NA;NA
EE;Mart Helme;Minister of the Interior;29 April 2019;9 November 2020;EKRE;NA;NA;NA;NA;NA;NA;NA
EE;Alar Laneman;Minister of the Interior;18 November 2020;26 January 2021;EKRE;NA;NA;NA;NA;NA;NA;NA
EE;Riina Solman;Minister of Population Affairs;29 April 2019;26 January 2021;Isamaa;NA;NA;NA;NA;NA;NA;NA
EE;Mailis Reps;Minister of Education and Research;23 November 2016;21 November 2020;Centre;NA;NA;NA;NA;NA;NA;NA
EE;Jaak Aab;Minister of Education and Research;25 November 2020;26 January 2021;Centre;NA;NA;NA;NA;NA;NA;NA
EE;Rene Kokk;Minister of the Environment;29 April 2019;7 November 2020;EKRE;NA;NA;NA;NA;NA;NA;NA
EE;Rain Epler;Minister of the Environment;16 November 2020;26 January 2021;EKRE;NA;NA;NA;NA;NA;NA;NA
EE;Tanel Kiik;Minister of Social Affairs;29 April 2019;26 January 2021;Centre;NA;NA;NA;NA;NA;NA;NA
EE;Mart Järvik;Minister of Rural Affairs;29 April 2019;25 November 2019;EKRE;NA;NA;NA;NA;NA;NA;NA
EE;Arvo Aller;Minister of Rural Affairs;10 December 2019;26 January 2021;EKRE;NA;NA;NA;NA;NA;NA;NA
ES;Pedro Sánchez;Prime Minister;8 January 2020;Incumbent;PSOE;NA;NA;NA;NA;NA;NA;NA
ES;Carmen Calvo;First Deputy Prime MinisterMinister of the Presidency, Relations with the Cortes and Democratic Memory;13 January 2020;Incumbent;PSOE;NA;NA;NA;NA;NA;NA;NA
ES;Pablo Iglesias;Second Deputy Prime MinisterMinister of Social Rights and 2030 Agenda;13 January 2020;TBD;Podemos;NA;NA;NA;NA;NA;NA;NA
ES;Nadia Calviño;Third Deputy Prime MinisterMinister of Economic Affairs and Digital Transformation;13 January 2020;TBD;Independent;NA;NA;NA;NA;NA;NA;NA
ES;Teresa Ribera;Fourth Deputy Prime MinisterMinister for the Ecological Transition and the Demographic Challenge;13 January 2020;Incumbent;PSOE;NA;NA;NA;NA;NA;NA;NA
ES;Arancha González Laya;Minister of Foreign Affairs, European Union and Cooperation;13 January 2020;Incumbent;Independent;NA;NA;NA;NA;NA;NA;NA
ES;Juan Carlos Campo;Minister of Justice;13 January 2020;Incumbent;Independent;NA;NA;NA;NA;NA;NA;NA
ES;Margarita Robles;Minister of Defence;13 January 2020;Incumbent;Independent;NA;NA;NA;NA;NA;NA;NA
ES;María Jesús Montero;Minister of FinanceSpokesperson of the Government;13 January 2020;Incumbent;PSOE;NA;NA;NA;NA;NA;NA;NA
ES;Fernando Grande-Marlaska;Minister of the Interior;13 January 2020;Incumbent;Independent;NA;NA;NA;NA;NA;NA;NA
ES;José Luis Ábalos;Minister of Transport, Mobility and Urban Agenda;13 January 2020;Incumbent;PSOE;NA;NA;NA;NA;NA;NA;NA
ES;Isabel Celaá;Minister of Education and Vocational Training;13 January 2020;Incumbent;PSOE;NA;NA;NA;NA;NA;NA;NA
ES;Yolanda Díaz;Minister of Labour and Social Economy;13 January 2020;Incumbent;PCE;NA;NA;NA;NA;NA;NA;NA
ES;Reyes Maroto;Minister of Industry, Trade and Tourism;13 January 2020;Incumbent;PSOE;NA;NA;NA;NA;NA;NA;NA
ES;Luis Planas;Minister of Agriculture, Fisheries and Food;13 January 2020;Incumbent;PSOE;NA;NA;NA;NA;NA;NA;NA
ES;Carolina Darias;Minister of Territorial Policy and Civil Service;13 January 2020;27 January 2021;PSOE;NA;NA;NA;NA;NA;NA;NA
ES;José Manuel Rodríguez Uribes;Minister of Culture and Sports;13 January 2020;Incumbent;PSOE;NA;NA;NA;NA;NA;NA;NA
ES;Salvador Illa;Minister of Health;13 January 2020;27 January 2021;PSC–PSOE;NA;NA;NA;NA;NA;NA;NA
ES;Pedro Duque;Minister of Science and Innovation;13 January 2020;Incumbent;Independent;NA;NA;NA;NA;NA;NA;NA
ES;Irene Montero;Minister of Equality;13 January 2020;Incumbent;Podemos;NA;NA;NA;NA;NA;NA;NA
ES;Alberto Garzón;Minister of Consumer Affairs;13 January 2020;Incumbent;IU (PCE);NA;NA;NA;NA;NA;NA;NA
ES;José Luis Escrivá;Minister of Inclusion, Social Security and Migration;13 January 2020;Incumbent;Independent;NA;NA;NA;NA;NA;NA;NA
ES;Manuel Castells;Minister of Universities;13 January 2020;Incumbent;Independent;NA;NA;NA;NA;NA;NA;NA
ES;Miquel Iceta;Minister of Territorial Policy and Civil Service;27 January 2021;Incumbent;PSC–PSOE;NA;NA;NA;NA;NA;NA;NA
ES;Carolina Darias;Minister of Health;27 January 2021;Incumbent;PSOE;NA;NA;NA;NA;NA;NA;NA
ES;Nadia Calviño;Second Deputy Prime MinisterMinister of Economic Affairs and Digital Transformation;TBD;;Independent;NA;NA;NA;NA;NA;NA;NA
ES;Yolanda Díaz;Third Deputy Prime MinisterMinister of Labour and Social Economy;TBD;;PCE;NA;NA;NA;NA;NA;NA;NA
ES;Ione Belarra;Minister of Social Rights and 2030 Agenda;TBD;;Podemos;NA;NA;NA;NA;NA;NA;NA
FI;Sanna Marin;Prime Minister;NA;NA;Social Democratic Party;NA;NA;NA;NA;NA;NA;NA
FI;Annika Saarikko;Minister of Science and Culture;NA;NA;Centre Party of Finland;NA;NA;NA;NA;NA;NA;NA
FI;Tytti Tuppurainen;Minister for European Affairs and Ownership Steering;NA;NA;Social Democratic Party;NA;NA;NA;NA;NA;NA;NA
FI;Pekka Haavisto;Minister for Foreign Affairs;NA;NA;The Greens in Finland;NA;NA;NA;NA;NA;NA;NA
FI;Ville Skinnari;Minister for Development Cooperation and Foreign Trade;NA;NA;Social Democratic Party;NA;NA;NA;NA;NA;NA;NA
FI;Anna-Maja Henriksson;Minister of Justice;NA;NA;Swedish People's Party;NA;NA;NA;NA;NA;NA;NA
FI;Thomas Blomqvist;Minister for Nordic Cooperation and Equality;NA;NA;Swedish People's Party;NA;NA;NA;NA;NA;NA;NA
FI;Maria Ohisalo;Minister of the Interior;NA;NA;The Greens in Finland;NA;NA;NA;NA;NA;NA;NA
FI;Antti Kaikkonen;Minister of Defence;NA;NA;Centre Party of Finland;NA;NA;NA;NA;NA;NA;NA
FI;Matti Vanhanen;Minister of Finance;NA;NA;Centre Party of Finland;NA;NA;NA;NA;NA;NA;NA
FI;Sirpa Paatero;Minister of Local Government;NA;NA;Social Democratic Party;NA;NA;NA;NA;NA;NA;NA
FI;Jussi Saramo;Minister of Education;NA;NA;Left Alliance;NA;NA;NA;NA;NA;NA;NA
FI;Jari Leppä;Minister of Agriculture and Forestry;NA;NA;Centre Party of Finland;NA;NA;NA;NA;NA;NA;NA
FI;Timo Harakka;Minister of Transport and Communications;NA;NA;Social Democratic Party;NA;NA;NA;NA;NA;NA;NA
FI;Tuula Haatainen;Minister of Employment;NA;NA;Social Democratic Party;NA;NA;NA;NA;NA;NA;NA
FI;Mika Lintilä;Minister of Economic Affairs;NA;NA;Centre Party of Finland;NA;NA;NA;NA;NA;NA;NA
FI;Aino-Kaisa Pekonen;Minister of Social Affairs and Health;NA;NA;Left Alliance;NA;NA;NA;NA;NA;NA;NA
FI;Krista Kiuru;Minister of Family Affairs and Social Services;NA;NA;Social Democratic Party;NA;NA;NA;NA;NA;NA;NA
FI;Krista Mikkonen;Minister of the Environment and Climate Change;NA;NA;The Greens in Finland;NA;NA;NA;NA;NA;NA;NA
FR;Édouard Philippe;Prime Minister;NA;NA;LR, later DVD;NA;NA;NA;NA;NA;NA;NA
FR;Ministers;Ministers;NA;NA;Ministers;NA;NA;NA;NA;NA;NA;NA
FR;Élisabeth Borne;Minister of Ecological and Solidary Transition;NA;NA;REM;NA;NA;NA;NA;NA;NA;NA
FR;Nicole Belloubet;Keeper of the Seals, Minister of Justice;NA;NA;DVG;NA;NA;NA;NA;NA;NA;NA
FR;Jean-Yves Le Drian;Minister of Europe and Foreign Affairs;NA;NA;PS, later DVG;NA;NA;NA;NA;NA;NA;NA
FR;Florence Parly;Minister of the Armed Forces;NA;NA;DVG;NA;NA;NA;NA;NA;NA;NA
FR;Christophe Castaner;Minister of the Interior;NA;NA;REM;NA;NA;NA;NA;NA;NA;NA
FR;Jacqueline Gourault;Minister of Territorial Cohesion and Relations with Local Authorities;NA;NA;MoDem;NA;NA;NA;NA;NA;NA;NA
FR;Olivier Véran;Minister of Solidarity and Health;NA;NA;REM;NA;NA;NA;NA;NA;NA;NA
FR;Bruno Le Maire;Minister of the Economy and Finance;NA;NA;LR, later REM;NA;NA;NA;NA;NA;NA;NA
FR;Franck Riester;Minister of Culture;NA;NA;Agir;NA;NA;NA;NA;NA;NA;NA
FR;Muriel Pénicaud;Minister of Labour;NA;NA;DVG, later REM;NA;NA;NA;NA;NA;NA;NA
FR;Jean-Michel Blanquer;Minister of National Education and Youth;NA;NA;DVD, later REM;NA;NA;NA;NA;NA;NA;NA
FR;Didier Guillaume;Minister of Agriculture and Food;NA;NA;DVG;NA;NA;NA;NA;NA;NA;NA
FR;Gérald Darmanin;Minister of Public Action and Accounts;NA;NA;LR, later REM;NA;NA;NA;NA;NA;NA;NA
FR;Frédérique Vidal;Minister of Higher Education, Research and Innovation;NA;NA;SE, later REM;NA;NA;NA;NA;NA;NA;NA
FR;Annick Girardin;Minister of Overseas France;NA;NA;PRG, later MR;NA;NA;NA;NA;NA;NA;NA
FR;Roxana Mărăcineanu;Minister of Sport;NA;NA;DVG;NA;NA;NA;NA;NA;NA;NA
GR;Christos Staikouras;Minister for Finance;NA;NA;New Democracy;NA;9 July 2019;NA;Ministry of Finance;NA;NA;NA
GR;Theodoros Skylakakis;Alternate Minister for Fiscal Policy;NA;NA;New Democracy;NA;5 August 2020;NA;Ministry of Finance;NA;NA;NA
GR;Apostolos Vesyropoulos [el];Deputy Minister for Tax Policy and Public Property;NA;NA;New Democracy;NA;9 July 2019;NA;Ministry of Finance;NA;NA;NA
GR;Georgios Zavvos [el];Deputy Minister for the Financial System;NA;NA;New Democracy;NA;9 July 2019;NA;Ministry of Finance;NA;NA;NA
GR;Adonis Georgiadis;Minister for Development and Investment;NA;NA;New Democracy;NA;9 July 2019;NA;Ministry of Development and Investment;NA;NA;NA
GR;Nikos Papathanasis [el];Alternate Minister for Private Investment;NA;NA;New Democracy;NA;5 August 2020;NA;Ministry of Development and Investment;NA;NA;NA
GR;Giannis Tsakiris [el];Deputy Minister for Public Investment and the Partnership Agreement for the Development Framework;NA;NA;Independent;NA;9 July 2019;NA;Ministry of Development and Investment;NA;NA;NA
GR;Christos Dimas [el];Deputy Minister for Research and Technology;NA;NA;New Democracy;NA;9 July 2019;NA;Ministry of Development and Investment;NA;NA;NA
GR;Nikos Dendias;Minister for Foreign Affairs;NA;NA;New Democracy;NA;9 July 2019;NA;Ministry of Foreign Affairs;NA;NA;NA
GR;Miltiadis Varvitsiotis [el];Alternate Minister for European Affairs;NA;NA;New Democracy;NA;9 July 2019;NA;Ministry of Foreign Affairs;NA;NA;NA
GR;Kostas Frangogiannis [el];Deputy Minister for Economic Diplomacy and Extroversion;NA;NA;Independent;NA;9 July 2019;NA;Ministry of Foreign Affairs;NA;NA;NA
GR;Kostas Vlasis [el];Deputy Minister for Greeks Abroad;NA;NA;New Democracy;NA;9 December 2019;NA;Ministry of Foreign Affairs;NA;NA;NA
GR;Michalis Chrisochoidis;Minister for Citizen Protection;NA;NA;Independent;NA;9 July 2019;NA;Ministry of Citizen Protection;NA;NA;NA
GR;Eleftherios Oikonomou;Deputy Minister for Anti-Crime Policy;NA;NA;Independent;NA;9 July 2019;NA;Ministry of Citizen Protection;NA;NA;NA
GR;Nikos Hardalias [el];Deputy Minister for Civil Protection and Crisis Management;NA;NA;New Democracy;NA;16 March 2020;NA;Ministry of Citizen Protection;NA;NA;NA
GR;Nikolaos Panagiotopoulos;Minister for National Defence;NA;NA;New Democracy;NA;9 July 2019;NA;Ministry of National Defence;NA;NA;NA
GR;Alkiviadis Stefanis;Deputy Minister;NA;NA;Independent;NA;9 July 2019;NA;Ministry of National Defence;NA;NA;NA
GR;Niki Kerameus;Minister for Education and Religious Affairs;NA;NA;New Democracy;NA;9 July 2019;NA;Ministry of Education and Religious Affairs;NA;NA;NA
GR;Zetta Makri [el];Deputy Minister for Primary, Secondary and Special Education;NA;NA;New Democracy;NA;5 January 2021;NA;Ministry of Education and Religious Affairs;NA;NA;NA
GR;Angelos Syrigos [el];Deputy Minister for Higher Education;NA;NA;New Democracy;NA;5 January 2021;NA;Ministry of Education and Religious Affairs;NA;NA;NA
GR;Kostis Hatzidakis;Minister for Labour and Social Affairs;NA;NA;New Democracy;NA;5 January 2021;NA;Ministry of Labour and Social Affairs;NA;NA;NA
GR;Panagiotis Tsakloglou [el];Deputy Minister for Social Security;NA;NA;Independent;NA;5 August 2020;NA;Ministry of Labour and Social Affairs;NA;NA;NA
GR;Domna Michailidou;Deputy Minister for Welfare and Social Solidarity;NA;NA;New Democracy;NA;9 July 2019;NA;Ministry of Labour and Social Affairs;NA;NA;NA
GR;Maria Syrengela [el];Deputy Minister for Demographic Policy and the Family;NA;NA;New Democracy;NA;5 January 2021;NA;Ministry of Labour and Social Affairs;NA;NA;NA
GR;Vasilis Kikilias;Minister for Health;NA;NA;New Democracy;NA;9 July 2019;NA;Ministry of Health;NA;NA;NA
GR;Vasilis Kontozamanis [el];Alternate Minister for Health Services;NA;NA;New Democracy;NA;5 January 2021;NA;Ministry of Health;NA;NA;NA
GR;Zoi Rapti;Deputy Minister for Mental Health;NA;NA;New Democracy;NA;5 August 2020;NA;Ministry of Health;NA;NA;NA
GR;Kostas Skrekas;Minister for the Environment and Energy;NA;NA;New Democracy;NA;5 January 2021;NA;Ministry of the Environment and Energy;NA;NA;NA
GR;Giorgos Amyras [el];Deputy Minister for Environmental Protection;NA;NA;New Democracy;NA;5 January 2021;NA;Ministry of the Environment and Energy;NA;NA;NA
GR;Nikos Tagaras [el];Deputy Minister for Spatial Planning and the Urban Environment;NA;NA;New Democracy;NA;5 January 2021;NA;Ministry of the Environment and Energy;NA;NA;NA
GR;Lina Mendoni;Minister for Culture and Sports;NA;NA;Independent;NA;9 July 2019;NA;Ministry of Culture and Sports;NA;NA;NA
GR;Nikolas Giatromanolakis [el];Deputy Minister for Modern Culture;NA;NA;Independent;NA;5 January 2021;NA;Ministry of Culture and Sports;NA;NA;NA
GR;Lefteris Avgenakis [el];Deputy Minister for Sports;NA;NA;New Democracy;NA;9 July 2019;NA;Ministry of Culture and Sports;NA;NA;NA
GR;Kostas Tsiaras;Minister for Justice;NA;NA;New Democracy;NA;9 July 2019;NA;Ministry of Justice;NA;NA;NA
GR;Giorgos Kotsiras [el];Deputy Minister for International Cooperation and Human Rights;NA;NA;New Democracy;NA;5 January 2021;NA;Ministry of Justice;NA;NA;NA
GR;Makis Voridis;Minister for the Interior;NA;NA;New Democracy;NA;5 January 2021;NA;Ministry of the Interior;NA;NA;NA
GR;Stelios Petsas [el];Alternate Minister for Local Government;NA;NA;New Democracy;NA;5 January 2021;NA;Ministry of the Interior;NA;NA;NA
GR;Stavros Kalafatis [el];Deputy Minister for Macedonia and Thrace;NA;NA;New Democracy;NA;5 January 2021;NA;Ministry of the Interior;NA;NA;NA
GR;Kyriakos Pierrakakis;Minister for Digital Governance;NA;NA;Independent;NA;9 July 2019;NA;Ministry of Digital Governance;NA;NA;NA
GR;Georgios Georgantas [el];Deputy Minister for Process Simplification;NA;NA;New Democracy;NA;9 July 2019;NA;Ministry of Digital Governance;NA;NA;NA
GR;Giorgos Stylios [el];Deputy Minister for Special Digital Projects and the Land Registry;NA;NA;New Democracy;NA;5 January 2021;NA;Ministry of Digital Governance;NA;NA;NA
GR;Kostas Karamanlis [el];Minister for Infrastructure and Transport;NA;NA;New Democracy;NA;9 July 2019;NA;Ministry of Infrastructure and Transport;NA;NA;NA
GR;Giannis Kefalogiannis;Deputy Minister for Transport;NA;NA;New Democracy;NA;9 July 2019;NA;Ministry of Infrastructure and Transport;NA;NA;NA
GR;Ioannis Plakiotakis;Minister for Shipping and Island Policy;NA;NA;New Democracy;NA;9 July 2019;NA;Ministry of Shipping and Island Policy;NA;NA;NA
GR;Kostas Katsafados [el];Deputy Minister for the Shipping Industry;NA;NA;New Democracy;NA;5 January 2021;NA;Ministry of Shipping and Island Policy;NA;NA;NA
GR;Spilios Livanos;Minister for Rural Development and Food;NA;NA;New Democracy;NA;5 January 2021;NA;Ministry of Rural Development and Food;NA;NA;NA
GR;Giannis Oikonomou [el];Deputy Minister for the Common Agricultural Policy;NA;NA;New Democracy;NA;5 January 2021;NA;Ministry of Rural Development and Food;NA;NA;NA
GR;Fotini Arampatzi [el];Deputy Minister for Fisheries Policy;NA;NA;New Democracy;NA;9 July 2019;NA;Ministry of Rural Development and Food;NA;NA;NA
GR;Harry Theoharis;Minister for Tourism;NA;NA;New Democracy;NA;9 July 2019;NA;Ministry of Tourism;NA;NA;NA
GR;Sofia Zacharaki [el];Deputy Minister for Tourism Education and Special Forms of Tourism;NA;NA;New Democracy;NA;5 January 2021;NA;Ministry of Tourism;NA;NA;NA
GR;Notis Mitarachi;Minister for Immigration and Asylum;NA;NA;New Democracy;NA;15 January 2020;NA;Ministry of Immigration and Asylum [el];NA;NA;NA
GR;Sofia Voultepsi;Deputy Minister for Integration;NA;NA;New Democracy;NA;5 January 2021;NA;Ministry of Immigration and Asylum [el];NA;NA;NA
HR;Andrej Plenković;Prime Minister;23 July 2020;NA;HDZ;NA;NA;NA;NA;NA;NA;NA
HR;Tomo Medved;Croatian Veterans;23 July 2020;NA;HDZ;NA;NA;NA;NA;NA;NA;NA
HR;Davor Božinović;Interior;23 July 2020;NA;HDZ;NA;NA;NA;NA;NA;NA;NA
HR;Zdravko Marić;Finance;23 July 2020;NA;Ind.(HDZ);NA;NA;NA;NA;NA;NA;NA
HR;Boris Milošević;Minister without portfolio responsibility for Social Affairs and Human and Minority Rights;23 July 2020;NA;SDSS;NA;NA;NA;NA;NA;NA;NA
HR;Marija Vučković;Agriculture;23 July 2020;NA;HDZ;NA;NA;NA;NA;NA;NA;NA
HR;Darko Horvat;Construction, Spatial Planning and State Property;23 July 2020;NA;HDZ;NA;NA;NA;NA;NA;NA;NA
HR;Nina Obuljen Koržinek;Culture and Media;23 July 2020;NA;HDZ;NA;NA;NA;NA;NA;NA;NA
HR;Mario Banožić;Defence;23 July 2020;NA;HDZ;NA;NA;NA;NA;NA;NA;NA
HR;Tomislav Ćorić;Economy and Sustainable Development;23 July 2020;NA;HDZ;NA;NA;NA;NA;NA;NA;NA
HR;Gordan Grlić-Radman;Foreign and European Affairs;23 July 2020;NA;HDZ;NA;NA;NA;NA;NA;NA;NA
HR;Vili Beroš;Health;23 July 2020;NA;HDZ;NA;NA;NA;NA;NA;NA;NA
HR;Ivan Malenica;Justice and Public Administration;24 July 2020;NA;HDZ;NA;NA;NA;NA;NA;NA;NA
HR;Josip Aladrović;Labour and Pension System, Family and Social Policy;23 July 2020;NA;HDZ;NA;NA;NA;NA;NA;NA;NA
HR;Oleg Butković;Maritime Affairs, Transport and Infrastructure;23 July 2020;NA;HDZ;NA;NA;NA;NA;NA;NA;NA
HR;Nataša Tramišak;Regional Development and EU Funds;23 July 2020;NA;HDZ;NA;NA;NA;NA;NA;NA;NA
HR;Radovan Fuchs;Science and Education;23 July 2020;NA;HDZ;NA;NA;NA;NA;NA;NA;NA
HR;Nikolina Brnjac;Tourism and Sports;23 July 2020;NA;HDZ;NA;NA;NA;NA;NA;NA;NA
HU;Viktor Orbán;Prime Minister;NA;NA;Fidesz;NA;10 May 2018 –;NA;NA;NA;NA;NA
HU;Zsolt Semjén;Deputy Prime MinisterMinister without portfoliofor National Politics, Church Affairs and Nationalities;NA;NA;KDNP;NA;18 May 2018 –;NA;NA;NA;NA;NA
HU;Mihály Varga;Deputy Prime MinisterMinister of Finance;NA;NA;Fidesz;NA;18 May 2018 –;NA;NA;NA;NA;NA
HU;Sándor Pintér;Deputy Prime MinisterMinister of Interior;NA;NA;Independent;NA;18 May 2018 –;NA;NA;NA;NA;NA
HU;Gergely Gulyás;Minister of the Prime Minister’s Office;NA;NA;Fidesz;NA;18 May 2018 –;NA;NA;NA;NA;NA
HU;Antal Rogán;Minister of the Prime Minister’s Cabinet Office;NA;NA;Fidesz;NA;18 May 2018 –;NA;NA;NA;NA;NA
HU;Péter Szijjártó;Minister of Foreign Affairs and Trade;NA;NA;Fidesz;NA;18 May 2018 –;NA;NA;NA;NA;NA
HU;László Trócsányi;Minister of Justice;NA;NA;Independent;NA;18 May 2018 – 30 June 2019;NA;NA;NA;NA;NA
HU;Judit Varga;Minister of Justice;NA;NA;Fidesz;NA;12 July 2019 –;NA;NA;NA;NA;NA
HU;Miklós Kásler;Minister of Human Resources;NA;NA;Independent;NA;18 May 2018 –;NA;NA;NA;NA;NA
HU;László Palkovics;Minister of National Innovation and Technology;NA;NA;Independent;NA;18 May 2018 –;NA;NA;NA;NA;NA
HU;István Nagy;Minister of Agriculture;NA;NA;Fidesz;NA;18 May 2018 –;NA;NA;NA;NA;NA
HU;Tibor Benkő;Minister of Defence;NA;NA;Independent;NA;18 May 2018 –;NA;NA;NA;NA;NA
HU;János Süli;Minister without Portfoliofor the planning, construction and commissioning of the two new blocks at Paks Nuclear Power Plant;NA;NA;KDNP;NA;18 May 2018 –;NA;NA;NA;NA;NA
HU;Andrea Bártfai-Mager;Minister without Portfoliofor managing national wealth;NA;NA;Independent;NA;18 May 2018 –;NA;NA;NA;NA;NA
HU;Katalin Novák;Minister without Portfoliofor family affairs;NA;NA;Fidesz;NA;1 October 2020 –;NA;NA;NA;NA;NA
IE;Micheál Martin;Taoiseach;NA;NA;Fianna Fáil;NA;NA;NA;NA;2020–present;NA;NA
IE;Leo Varadkar;TánaisteMinister for Enterprise, Trade and Employment;NA;NA;Fine Gael;NA;NA;NA;NA;2020–present;NA;NA
IE;Paschal Donohoe;Minister for Finance;NA;NA;Fine Gael;NA;NA;NA;NA;2017–present;NA;NA
IE;Helen McEntee;Minister for Justice;NA;NA;Fine Gael;NA;NA;NA;NA;2020–present;NA;NA
IE;Simon Coveney;Minister for Foreign AffairsMinister for Defence;NA;NA;Fine Gael;NA;NA;NA;NA;2020–present;NA;NA
IE;Stephen Donnelly;Minister for Health;NA;NA;Fianna Fáil;NA;NA;NA;NA;2020–present;NA;NA
IE;Norma Foley;Minister for Education;NA;NA;Fianna Fáil;NA;NA;NA;NA;2020–present;NA;NA
IE;Michael McGrath;Minister for Public Expenditure and Reform;NA;NA;Fianna Fáil;NA;NA;NA;NA;2020–present;NA;NA
IE;Darragh O'Brien;Minister for Housing, Local Government and Heritage;NA;NA;Fianna Fáil;NA;NA;NA;NA;2020–present;NA;NA
IE;Charlie McConalogue;Minister for Agriculture, Food and the Marine;NA;NA;Fianna Fáil;NA;NA;NA;NA;2020–present;NA;NA
IE;Heather Humphreys;Minister for Social ProtectionMinister for Rural and Community Development;NA;NA;Fine Gael;NA;NA;NA;NA;2020–present;NA;NA
IE;Simon Harris;Minister for Further and Higher Education, Research, Innovation and Science;NA;NA;Fine Gael;NA;NA;NA;NA;2020–present;NA;NA
IE;Eamon Ryan;Minister for the Environment, Climate and CommunicationsMinister for Transport;NA;NA;Green Party;NA;NA;NA;NA;2020–present;NA;NA
IE;Catherine Martin;Minister for Tourism, Culture, Arts, Gaeltacht, Sport and Media;NA;NA;Green Party;NA;NA;NA;NA;2020–present;NA;NA
IE;Roderic O'Gorman;Minister for Children, Equality, Disability, Integration and Youth;NA;NA;Green Party;NA;NA;NA;NA;2020–present;NA;NA
IE;Jack Chambers;Government Chief WhipMinister of State for Gaeltacht and SportMinister of State at the Department of Defence;NA;NA;Fianna Fáil;NA;NA;NA;NA;2020–present;NA;NA
IE;Pippa Hackett;Minister of State for Land Use and Biodiversity;NA;NA;Green;NA;NA;NA;NA;2020–present;NA;NA
IE;Hildegarde Naughton;Minister of State for International and Road Transport and Logistics;NA;NA;Fine Gael;NA;NA;NA;NA;2020–present;NA;NA
IT;Mario Draghi;Prime Minister;NA;NA;Independent;NA;NA;NA;NA;13 February 2021 – present;"Secretary of the Council of Ministers
Roberto Garofoli (Ind.)
Undersecretaries
Vincenzo Amendola (PD) – Delegated to European Affairs
Franco Gabrielli (Ind.) – Delegated to the Authority for the Security of the Republic
Giuseppe Moles (FI) – Delegated to Information and Publishing
Bruno Tabacci (CD) – Delegated to Economic Policy's Coordination";NA
IT;Luigi Di Maio;Minister of Foreign Affairs;NA;NA;Five Star Movement;NA;NA;NA;NA;13 February 2021 – present;"Deputy Minister
Marina Sereni (PD)
Undersecretaries
Benedetto Della Vedova (+Eu)
Manlio Di Stefano (M5S)";NA
IT;Luciana Lamorgese;Minister of the Interior;NA;NA;Independent;NA;NA;NA;NA;13 February 2021 – present;"Undersecretaries
Nicola Molteni (Lega)
Ivan Scalfarotto (IV)
Carlo Sibilia (M5S)";NA
IT;Marta Cartabia;Minister of Justice;NA;NA;Independent;NA;NA;NA;NA;13 February 2021 – present;"Undersecretaries
Anna Macina (M5S)
Francesco Paolo Sisto (FI)";NA
IT;Lorenzo Guerini;Minister of Defence;NA;NA;Democratic Party;NA;NA;NA;NA;13 February 2021 – present;"Undersecretaries
Giorgio Mulè (FI)
Stefania Pucciarelli (Lega)";NA
IT;Daniele Franco;Minister of Economy and Finance;NA;NA;Independent;NA;NA;NA;NA;13 February 2021 – present;"Deputy Minister
Laura Castelli (M5S)
Undersecretaries
Claudio Durigon (Lega)
Maria Cecilia Guerra (Art.1)
Alessandra Sartore (PD)";NA
IT;Giancarlo Giorgetti;Minister of Economic Development;NA;NA;League;NA;NA;NA;NA;13 February 2021 – present;"Deputy Ministers
Gilberto Pichetto Fratin (FI)
Alessandra Todde (M5S)
Undersecretary
Anna Ascani (PD)";NA
IT;Stefano Patuanelli;Minister of Agricultural, Food and Forestry Policies;NA;NA;Five Star Movement;NA;NA;NA;NA;13 February 2021 – present;"Undersecretaries
Francesco Battistoni (FI)
Gian Marco Centinaio (Lega)";NA
IT;Roberto Cingolani;Minister of the Environmentalso Minister for the Ecological Transition;NA;NA;Independent;NA;NA;NA;NA;13 February 2021 – present;"Undersecretaries
Ilaria Fontana (M5S)
Vannia Gava (Lega)";NA
IT;Enrico Giovannini;Minister of Infrastructure and Transport;NA;NA;Independent;NA;NA;NA;NA;13 February 2021 – present;"Deputy Ministers
Teresa Bellanova (IV)
Alessandro Morelli (Lega)
Undersecretary
Giancarlo Cancelleri (M5S)";NA
IT;Andrea Orlando;Minister of Labour and Social Policies;NA;NA;Democratic Party;NA;NA;NA;NA;13 February 2021 – present;"Undersecretaries
Rossella Accoto (M5S)
Tiziana Nisini (Lega)";NA
IT;Patrizio Bianchi;Minister of Public Education;NA;NA;Independent;NA;NA;NA;NA;13 February 2021 – present;"Undersecretaries
Barbara Floridia (M5S)
Rossano Sasso (Lega)";NA
IT;Maria Cristina Messa;Minister of University and Research;NA;NA;Independent;NA;NA;NA;NA;13 February 2021 – present;NA;NA
IT;Dario Franceschini;Minister of Culture;NA;NA;Democratic Party;NA;NA;NA;NA;13 February 2021 – present;"Undersecretary
Lucia Borgonzoni (Lega)";NA
IT;Roberto Speranza;Minister of Health;NA;NA;Article One;NA;NA;NA;NA;13 February 2021 – present;"Undersecretaries
Andrea Costa (NcI)
Pierpaolo Sileri (M5S)";NA
IT;Federico D'Incà;Minister for Parliamentary Relations(without portfolio);NA;NA;Five Star Movement;NA;NA;NA;NA;13 February 2021 – present;"Undersecretaries
Deborah Bergamini (FI)
Simona Malpezzi (PD)";NA
IT;Renato Brunetta;Minister of Public Administration(without portfolio);NA;NA;Forza Italia;NA;NA;NA;NA;13 February 2021 – present;NA;NA
IT;Mariastella Gelmini;Minister of Regional Affairs and Autonomies(without portfolio);NA;NA;Forza Italia;NA;NA;NA;NA;13 February 2021 – present;NA;NA
IT;Mara Carfagna;Minister for the South and Territorial Cohesion(without portfolio);NA;NA;Forza Italia;NA;NA;NA;NA;13 February 2021 – present;"Undersecretary
Dalila Nesci (M5S)";NA
IT;Elena Bonetti;Minister for Family and Equal Opportunities(without portfolio);NA;NA;Italia Viva;NA;NA;NA;NA;13 February 2021 – present;NA;NA
IT;Fabiana Dadone;Minister for Youth Policies(without portfolio);NA;NA;Five Star Movement;NA;NA;NA;NA;13 February 2021 – present;NA;NA
IT;Vittorio Colao;Minister for Technological Innovation and Digital Transition(without portfolio);NA;NA;Independent;NA;NA;NA;NA;13 February 2021 – present;"Undersecretary
Assuntela Messina (PD)";NA
IT;Massimo Garavaglia;Minister of Tourism(without portfolio);NA;NA;League;NA;NA;NA;NA;13 February 2021 – present;NA;NA
IT;Erika Stefani;Minister for Disabilities(without portfolio);NA;NA;League;NA;NA;NA;NA;13 February 2021 – present;NA;NA
LT;Ingrida Šimonytė;Prime Minister;November 25, 2020;Present;Independent (delegated by Homeland Union);NA;NA;NA;NA;NA;NA;NA
LT;Kęstutis Navickas;Minister for Agriculture;December 11, 2020;Present;Homeland Union;NA;NA;NA;NA;NA;NA;NA
LT;Simonas Kairys;Minister for Culture;December 11, 2020;Present;Liberal Movement;NA;NA;NA;NA;NA;NA;NA
LT;Aušrinė Armonaitė;Minister for Economy and Innovation;December 11, 2020;Present;Freedom Party;NA;NA;NA;NA;NA;NA;NA
LT;Jurgita Šiugždinienė;Minister for Education, Science and Sports;December 11, 2020;Present;Homeland Union;NA;NA;NA;NA;NA;NA;NA
LT;Dainius Kreivys;Minister for Energy;December 11, 2020;Present;Homeland Union;NA;NA;NA;NA;NA;NA;NA
LT;Simonas Gentvilas;Minister for Environment;December 11, 2020;Present;Liberal Movement;NA;NA;NA;NA;NA;NA;NA
LT;Gintarė Skaistė;Minister for Finance;December 11, 2020;Present;Homeland Union;NA;NA;NA;NA;NA;NA;NA
LT;Gabrielius Landsbergis;Minister for Foreign Affairs;December 11, 2020;Present;Homeland Union;NA;NA;NA;NA;NA;NA;NA
LT;Arūnas Dulkys;Minister for Health;December 11, 2020;Present;Independent (delegated by Homeland Union);NA;NA;NA;NA;NA;NA;NA
LT;Agnė Bilotaitė;Minister for Interior;December 11, 2020;Present;Homeland Union;NA;NA;NA;NA;NA;NA;NA
LT;Evelina Dobrovolska;Minister for Justice;December 11, 2020;Present;Freedom Party;NA;NA;NA;NA;NA;NA;NA
LT;Arvydas Anušauskas;Minister for National Defence;December 11, 2020;Present;Homeland Union;NA;NA;NA;NA;NA;NA;NA
LT;Monika Navickienė;Minister for Social Security and Labour;December 11, 2020;Present;Homeland Union;NA;NA;NA;NA;NA;NA;NA
LT;Marius Skuodis;Minister for Transport and Communications;December 11, 2020;Present;Independent (delegated by Freedom Party);NA;NA;NA;NA;NA;NA;NA
LU;Xavier Bettel;Prime Minister Minister of Communications and the Media  Minister of State  Minister of Administrative Reform;NA;NA;DP;NA;NA;NA;NA;NA;NA;NA
LU;Etienne Schneider;First Deputy Prime Minister Minister of the Economy  Minister of Health;NA;NA;LSAP;NA;NA;NA;NA;NA;NA;NA
LU;Félix Braz;Second Deputy Prime Minister Minister of Justice;NA;NA;DG;NA;NA;NA;NA;NA;NA;NA
LU;Jean Asselborn;Minister of Foreign Affairs  Minister of Immigration and Asylum;NA;NA;LSAP;NA;NA;NA;NA;NA;NA;NA
LU;Daniel Kersch;Minister of Sport  Minister of Labour, Employment and the Social and Solidarity Economy;NA;NA;LSAP;NA;NA;NA;NA;NA;NA;NA
LU;Romain Schneider;Minister of Agriculture  Minister of Social Affairs;NA;NA;LSAP;NA;NA;NA;NA;NA;NA;NA
LU;François Bausch;Minister of Mobility, Transport, & Public Works Minister of Defence Minister of Domestic Security;NA;NA;DG;NA;NA;NA;NA;NA;NA;NA
LU;Paulette Lenert;Minister of Development Cooperation and Humanitarian Affairs  Minister of Consumer Protection;NA;NA;LSAP;NA;NA;NA;NA;NA;NA;NA
LU;Sam Tanson;Minister of Housing  Minister of Culture;NA;NA;DG;NA;NA;NA;NA;NA;NA;NA
LU;Pierre Gramegna;Minister of Finance;NA;NA;DP;NA;NA;NA;NA;NA;NA;NA
LU;Taina Bofferding;Minister of the Interior  Minister of Equal Opportunities;NA;NA;LSAP;NA;NA;NA;NA;NA;NA;NA
LU;Claude Meisch;Minister of Children and Youth  Minister of Higher Education and Research  Minister of National Education;NA;NA;DP;NA;NA;NA;NA;NA;NA;NA
LU;Corinne Cahen;Minister of the Greater Region  Minister of Family and Integration;NA;NA;DP;NA;NA;NA;NA;NA;NA;NA
LU;Carole Dieschbourg;Minister of the Environment, Climate, and Sustainable Development;NA;NA;DG;NA;NA;NA;NA;NA;NA;NA
LU;Claude Turmes;Minister of Energy  Minister of Spatial Planning;NA;NA;DG;NA;NA;NA;NA;NA;NA;NA
LU;Marc Hansen;Minister of the Civil Service  Minister of Relations with Parliament;NA;NA;DP;NA;NA;NA;NA;NA;NA;NA
LU;Lex Delles;Minister of Small and Medium Enterprises  Minister of Tourism;NA;NA;DP;NA;NA;NA;NA;NA;NA;NA
LV;Krišjānis Kariņš;Prime Minister;NA;NA;New Unity;NA;23 January 2019 –;NA;NA;NA;NA;NA
LV;Jānis Bordāns;Minister for JusticeVice Prime Minister;NA;NA;New Conservative Party;NA;23 January 2019 –;NA;NA;NA;NA;NA
LV;Artis Pabriks;Minister for DefenceVice Prime Minister;NA;NA;Development/For!;NA;23 January 2019 –;NA;NA;NA;NA;NA
LV;Jānis Vitenbergs;Minister for Economics;NA;NA;KPV LV;NA;2 April 2020 –;NA;NA;NA;NA;NA
LV;Jānis Reirs;Minister for Finance;NA;NA;New Unity;NA;23 January 2019 –;NA;NA;NA;NA;NA
LV;Edgars Rinkēvičs;Minister for Foreign Affairs;NA;NA;New Unity;NA;25 October 2011 –;NA;NA;NA;NA;NA
LV;Sandis Ģirģens;Minister for the Interior;NA;NA;KPV LV;NA;23 January 2019 –;NA;NA;NA;NA;NA
LV;Ilga Šuplinska;Minister for Education and Science;NA;NA;New Conservative Party;NA;23 January 2019 –;NA;NA;NA;NA;NA
LV;Nauris Puntulis;Minister for Culture;NA;NA;National Alliance;NA;8 July 2019 –;NA;NA;NA;NA;NA
LV;Ramona Petraviča;Minister for Welfare;NA;NA;KPV LV;NA;23 January 2019 –;NA;NA;NA;NA;NA
LV;Artūrs Toms Plešs;Minister for Environmental Protection and Regional Development;NA;NA;Development/For!;NA;17 December 2020 –;NA;NA;NA;NA;NA
LV;Tālis Linkaits;Minister for Transport;NA;NA;New Conservative Party;NA;23 January 2019 –;NA;NA;NA;NA;NA
LV;Daniels Pavļuts;Minister for Health;NA;NA;Development/For!;NA;7 January 2021 –;NA;NA;NA;NA;NA
LV;Kaspars Gerhards;Minister for Agriculture;NA;NA;National Alliance;NA;23 January 2019 –;NA;NA;NA;NA;NA
MT;Robert Abela;Prime Minister;13 January 2020;Incumbent;Labour;NA;NA;NA;NA;NA;NA;NA
MT;Chris Fearne;Deputy Prime Minister & Minister for Health;15 January 2020;Incumbent;Labour;NA;NA;NA;NA;NA;NA;NA
MT;Silvio Schembri;Minister for the Economy & Industry;15 January 2020;Incumbent;Labour;NA;NA;NA;NA;NA;NA;NA
MT;Owen Bonnici;Minister for Innovation, Research & the Co-ordination of the post Covid-19 Strategy;23 November 2020;Incumbent;Labour;NA;NA;NA;NA;NA;NA;NA
MT;Justyne Caruana;Minister for Education;23 November 2020;Incumbent;Labour;NA;NA;NA;NA;NA;NA;NA
MT;Aaron Farrugia;Minister for the Environment, Climate Change and Planning;15 January 2020;Incumbent;Labour;NA;NA;NA;NA;NA;NA;NA
MT;Michael Falzon;Minister for Social Justice & Solidarity, The Family & Children's Rights;15 January 2020;Incumbent;Labour;NA;NA;NA;NA;NA;NA;NA
MT;Clyde Caruana;Minister for Finance & Employment;23 November 2020;Incumbent;Labour;NA;NA;NA;NA;NA;NA;NA
MT;Evarist Bartolo;Minister for European & Foreign Affairs;15 January 2020;Incumbent;Labour;NA;NA;NA;NA;NA;NA;NA
MT;Clint Camilleri;Minister for Gozo;20 January 2020;Incumbent;Labour;NA;NA;NA;NA;NA;NA;NA
MT;Byron Camilleri;Minister for Home Affairs, Law Enforcement and National Security;15 January 2020;Incumbent;Labour;NA;NA;NA;NA;NA;NA;NA
MT;Edward Zammit Lewis;Minister for Justice, Equality and Governance;15 January 2020;Incumbent;Labour;NA;NA;NA;NA;NA;NA;NA
MT;Clayton Bartolo;Minister for Tourism & Consumer Protection;23 November 2020;Incumbent;Labour;NA;NA;NA;NA;NA;NA;NA
MT;Miriam Dalli;Minister for Energy, Enterprise & Sustainable Development;23 November 2020;Incumbent;Labour;NA;NA;NA;NA;NA;NA;NA
MT;Ian Borg;Minister for Transport, Infrastructure and Capital Projects;15 January 2020;Incumbent;Labour;NA;NA;NA;NA;NA;NA;NA
MT;Jose Herrera;Minister for National Heritage, Arts and Local Government;15 January 2020;Incumbent;Labour;NA;NA;NA;NA;NA;NA;NA
MT;Roderick Galdes;Minister for Social Accommodation;15 January 2020;Incumbent;Labour;NA;NA;NA;NA;NA;NA;NA
MT;Anton Refalo;Minister for Agriculture, Fisheries, Food & Animal Rights;21 January 2020;Incumbent;Labour;NA;NA;NA;NA;NA;NA;NA
MT;Carmelo Abela;Minister within OPM  (Social Dialogue and the Electoral Manifesto's Implemenation);15 January 2020;Incumbent;Labour;NA;NA;NA;NA;NA;NA;NA
MT;Julia Farrugia Portelli;Minister for Inclusion & Social Wellbeing;23 November 2020;Incumbent;Labour;NA;NA;NA;NA;NA;NA;NA
NL;Drs.Mark Rutte;Prime Minister;NA;NA;VVD;NA;NA;NA;NA;NA;NA;14 October 2010 –Incumbent(retained)[i]
NL;Drs.Mark Rutte;Minister of General Affairs;NA;NA;VVD;NA;NA;NA;NA;NA;NA;14 October 2010 –Incumbent(retained)[i]
NL;Hugo de Jonge;First Deputy Prime Minister;NA;NA;CDA;NA;NA;NA;NA;NA;NA;26 October 2017 –Incumbent
NL;Hugo de Jonge;Minister of Health, Welfare and Sport;NA;NA;CDA;NA;NA;NA;NA;NA;NA;26 October 2017 –Incumbent
NL;Jkvr. Drs.Kajsa Ollongren;Second Deputy Prime Minister;NA;NA;D66;NA;NA;NA;NA;NA;NA;14 May 2020 –Incumbent
NL;Drs.Carola Schouten;Third Deputy Prime Minister;NA;NA;CU;NA;NA;NA;NA;NA;NA;26 October 2017 –Incumbent
NL;Drs.Carola Schouten;Minister of Agriculture, Nature and Food Quality;NA;NA;CU;NA;NA;NA;NA;NA;NA;26 October 2017 –Incumbent
NL;Drs.Stef Blok;Minister of Foreign Affairs;NA;NA;VVD;NA;NA;NA;NA;NA;NA;7 March 2018 –Incumbent
NL;Mr. Dr.Ferdinand Grapperhaus;Minister of Justice and Security;NA;NA;CDA;NA;NA;NA;NA;NA;NA;26 October 2017 –Incumbent
NL;Jkvr. Drs.Kajsa Ollongren;Minister of the Interior and Kingdom Relations;NA;NA;D66;NA;NA;NA;NA;NA;NA;14 April 2020 –Incumbent
NL;Mr. Drs.Ingrid van Engelshoven;Minister of Education, Culture and Science;NA;NA;D66;NA;NA;NA;NA;NA;NA;26 October 2017 –Incumbent
NL;Mr.Wopke HoekstraMBA;Minister of Finance;NA;NA;CDA;NA;NA;NA;NA;NA;NA;26 October 2017 –Incumbent
NL;Drs.Ank Bijleveld;Minister of Defence;NA;NA;CDA;NA;NA;NA;NA;NA;NA;26 October 2017 –Incumbent
NL;Drs.Cora van Nieuwenhuizen;Minister of Infrastructure and Water Management;NA;NA;VVD;NA;NA;NA;NA;NA;NA;26 October 2017 –Incumbent
NL;Bas van 't Wout;Minister of Economic Affairs and Climate Policy;NA;NA;VVD;NA;NA;NA;NA;NA;NA;20 January 2021 –Incumbent
NL;Drs.Wouter Koolmees;Minister of Social Affairs and Employment;NA;NA;D66;NA;NA;NA;NA;NA;NA;26 October 2017 –Incumbent
NL;Sigrid KaagMA, MPhil;"Minister for Foreign Trade and Development Cooperation
within Foreign Affairs";NA;NA;D66;NA;NA;NA;NA;NA;NA;26 October 2017 –Incumbent
NL;Drs.Sander Dekker;"Minister for Legal Protection
within Justice and Security";NA;NA;VVD;NA;NA;NA;NA;NA;NA;26 October 2017 –Incumbent
NL;Drs.Arie Slob;"Minister for Primary and Secondary Education and Media
within Education, Culture and Science";NA;NA;CU;NA;NA;NA;NA;NA;NA;26 October 2017 –Incumbent
NL;Drs.Tamara van Ark;"Minister for Medical Care and Sport
within Health, Welfare and Sport";NA;NA;VVD;NA;NA;NA;NA;NA;NA;9 July 2020 –Incumbent
NL;Mr.Ankie Broekers-Knol;State Secretary for Justice and Security(Minister for Migration)[v];NA;NA;VVD;NA;NA;NA;NA;NA;NA;11 July 2019 –Incumbent
NL;Drs.Raymond Knops;State Secretary for the Interior and Kingdom Relations;NA;NA;CDA;NA;NA;NA;NA;NA;NA;14 April 2020 –Incumbent
NL;Dr.Hans Vijlbrief;State Secretary for Finance;NA;NA;D66;NA;NA;NA;NA;NA;NA;29 January 2020 –Incumbent
NL;Drs.Alexandra van Huffelen;State Secretary for Finance;NA;NA;D66;NA;NA;NA;NA;NA;NA;29 January 2020 –Incumbent
NL;Drs.Barbara Visser;State Secretary for Defence;NA;NA;VVD;NA;NA;NA;NA;NA;NA;26 October 2017 –Incumbent
NL;Drs.Stientje van Veldhoven;State Secretary for Infrastructure and Water Management;NA;NA;D66;NA;NA;NA;NA;NA;NA;14 April 2020 –Incumbent
NL;Mr. Drs.Mona Keijzer;State Secretary for Economic Affairs and Climate Policy;NA;NA;CDA;NA;NA;NA;NA;NA;NA;26 October 2017 –Incumbent
NL;Drs.Paul Blokhuis;State Secretary for Health, Welfare and Sport;NA;NA;CU;NA;NA;NA;NA;NA;NA;26 October 2017 –Incumbent
PL;Mateusz Morawiecki;Prime Minister;15 November 2019;;Law and Justice;NA;NA;NA;NA;NA;NA;NA
PL;Mateusz Morawiecki;Minister of Sport;15 November 2019;5 December 2019;Law and Justice;NA;NA;NA;NA;NA;NA;NA
PL;Piotr Gliński;Deputy Prime Minister;15 November 2019;;Law and Justice;NA;NA;NA;NA;NA;NA;NA
PL;Piotr Gliński;Minister of Culture , National Heritage and Sport;15 November 2019;;Law and Justice;NA;NA;NA;NA;NA;NA;NA
PL;Piotr Gliński;Chairman of the Public Benefit Committee;15 November 2019;;Law and Justice;NA;NA;NA;NA;NA;NA;NA
PL;Jarosław Gowin;Deputy Prime Minister;15 November 2019;9 April 2020;Agreement;NA;NA;NA;NA;NA;NA;NA
PL;Jarosław Gowin;Deputy Prime Minister;6 October 2020;;Agreement;NA;NA;NA;NA;NA;NA;NA
PL;Jarosław Gowin;Minister of Development, Labor and Technology;6 October 2020;;Agreement;NA;NA;NA;NA;NA;NA;NA
PL;Jarosław Gowin;Minister of Science and Higher Education;15 November 2019;9 April 2020;Agreement;NA;NA;NA;NA;NA;NA;NA
PL;Wojciech Murdzek;Minister of Science and Higher Education;16 April 2020;19 October 2020;Agreement;NA;NA;NA;NA;NA;NA;NA
PL;Przemysław Czarnek;Minister of Education and Science;19 October 2020;;Law and Justice;NA;NA;NA;NA;NA;NA;NA
PL;Jacek Sasin;Deputy Prime Minister;15 November 2019;;Law and Justice;NA;NA;NA;NA;NA;NA;NA
PL;Jacek Sasin;Minister of State Assets;15 November 2019;;Law and Justice;NA;NA;NA;NA;NA;NA;NA
PL;Jarosław Kaczyński;Deputy Prime Minister;6 October 2020;;Law and Justice;NA;NA;NA;NA;NA;NA;NA
PL;Andrzej Adamczyk;Minister of Infrastructure;15 November 2019;;Law and Justice;NA;NA;NA;NA;NA;NA;NA
PL;Jan Krzysztof Ardanowski;Minister of Agriculture and Rural Development;15 November 2019;6 October 2020;Law and Justice;NA;NA;NA;NA;NA;NA;NA
PL;Grzegorz Puda;Minister of Agriculture and Rural Development;6 October 2020;;Law and Justice;NA;NA;NA;NA;NA;NA;NA
PL;Mariusz Błaszczak;Minister of National Defence;15 November 2019;;Law and Justice;NA;NA;NA;NA;NA;NA;NA
PL;Jacek Czaputowicz;Minister of Foreign Affairs;15 November 2019;20 August 2020;Independent;NA;NA;NA;NA;NA;NA;NA
PL;Zbigniew Rau;Minister of Foreign Affairs;20 August 2020;;Law and Justice;NA;NA;NA;NA;NA;NA;NA
PL;Michał Dworczyk;Minister, Chief of the Chancellery of the Prime Minister;15 November 2019;;Law and Justice;NA;NA;NA;NA;NA;NA;NA
PL;Jadwiga Emilewicz;Minister of development;15 November 2019;6 October 2020;Agreement;NA;NA;NA;NA;NA;NA;NA
PL;Jadwiga Emilewicz;Deputy Prime Minister;9 April 2020;6 October 2020;Agreement;NA;NA;NA;NA;NA;NA;NA
PL;Marek Gróbarczyk;Minister of Marine Economy and Inland Navigation;15 November 2019;6 October 2020;Law and Justice;NA;NA;NA;NA;NA;NA;NA
PL;Małgorzata Jarosińska-Jedynak;Minister of Funds and Regional Policy;15 November 2019;6 October 2020;Independent;NA;NA;NA;NA;NA;NA;NA
PL;Mariusz Kamiński;Minister of Interior and Administration;15 November 2019;;Law and Justice;NA;NA;NA;NA;NA;NA;NA
PL;Tadeusz Kościński;Minister of Finances;15 November 2019;;Independent;NA;NA;NA;NA;NA;NA;NA
PL;Michał Kurtyka;Minister of Climate and Environment;15 November 2019;;Independent;NA;NA;NA;NA;NA;NA;NA
PL;Marlena Maląg;Minister of Family, Labour and Social Policy;15 November 2019;;Law and Justice;NA;NA;NA;NA;NA;NA;NA
PL;Dariusz Piontkowski;Minister of National Education;15 November 2019;19 October 2020;Law and Justice;NA;NA;NA;NA;NA;NA;NA
PL;Łukasz Schreiber;Minister;15 November 2019;;Law and Justice;NA;NA;NA;NA;NA;NA;NA
PL;Michał Wójcik;Minister;6 October 2020;;United Poland;NA;NA;NA;NA;NA;NA;NA
PL;Michał Cieślak;Minister;6 October 2020;;Agreement;NA;NA;NA;NA;NA;NA;NA
PL;Łukasz Szumowski;Minister of Health;15 November 2019;19 August 2020;Independent;NA;NA;NA;NA;NA;NA;NA
PL;Adam Niedzielski;Minister of Health;19 August 2020;;Independent;NA;NA;NA;NA;NA;NA;NA
PL;Konrad Szymański;Minister for the European Union;15 November 2019;;Law and Justice;NA;NA;NA;NA;NA;NA;NA
PL;Michał Woś;Minister of Environment;15 November 2019;6 October 2020;United Poland;NA;NA;NA;NA;NA;NA;NA
PL;Marek Zagórski;Minister of Digital Affairs;15 November 2019;;Law and Justice;NA;NA;NA;NA;NA;NA;NA
PL;Zbigniew Ziobro;Minister of Justice;15 November 2019;;United Poland;NA;NA;NA;NA;NA;NA;NA
PL;Danuta Dmowska-Andrzejuk;Minister of Sport;5 December 2019;6 october 2020;Independent;NA;NA;NA;NA;NA;NA;NA
PT;António Costa;Prime Minister;NA;NA;Socialist Party;NA;26 November, 2015 – present;NA;NA;NA;NA;NA
PT;Augusto Santos Silva;Foreign Affairs;NA;NA;Socialist Party;NA;26 November, 2015 – present;NA;NA;NA;NA;NA
PT;Mariana Vieira da Silva;Presidency and Administrative Modernization;NA;NA;Socialist Party;NA;18 February, 2019 – present;NA;NA;NA;NA;NA
PT;João Leão;Finance;NA;NA;Independent;NA;15 June 2020- present;NA;NA;NA;NA;NA
PT;João Gomes Cravinho;National Defence;NA;NA;Independent;NA;15 October, 2018 – present;NA;NA;NA;NA;NA
PT;Eduardo Cabrita;Internal Administration;NA;NA;Socialist Party;NA;21 October, 2017 – present;NA;NA;NA;NA;NA
PT;Francisca Van Dunem;Justice;NA;NA;Independent;NA;26 November, 2015 – present;NA;NA;NA;NA;NA
PT;Pedro Siza Vieira;Economy;NA;NA;Independent;NA;15 October, 2018 – present;NA;NA;NA;NA;NA
PT;Graça Fonseca;Culture;NA;NA;Socialist Party;NA;26 November, 2015 – present;NA;NA;NA;NA;NA
PT;Manuel Heitor;Science, Technology and Higher Education;NA;NA;Independent;NA;26 November, 2015 – present;NA;NA;NA;NA;NA
PT;Tiago Brandão Rodrigues;Education;NA;NA;Independent;NA;26 November, 2015 – present;NA;NA;NA;NA;NA
PT;José António Vieira da Silva;Labour, Solidarity, and Social Security;NA;NA;Socialist Party;NA;26 November, 2015 – present;NA;NA;NA;NA;NA
PT;Marta Temido;Health;NA;NA;Independent;NA;15 October, 2018 – present;NA;NA;NA;NA;NA
PT;Nelson de Souza;Planning;NA;NA;Socialist Party;NA;18 February, 2019 – present;NA;NA;NA;NA;NA
PT;Pedro Nuno Santos;Infrastructure and Housing;NA;NA;Socialist Party;NA;18 February, 2019 – present;NA;NA;NA;NA;NA
PT;João Pedro Matos Fernandes;Environment and Energy Transition;NA;NA;Socialist Party;NA;26 November, 2015 – present;NA;NA;NA;NA;NA
PT;Luís Capoulas Santos;Agriculture, Forestry, and Rural Development;NA;NA;Socialist Party;NA;26 November, 2015 – present;NA;NA;NA;NA;NA
PT;Ana Paula Vitorino;Sea;NA;NA;Socialist Party;NA;26 November, 2015 – present;NA;NA;NA;NA;NA
RO;Florin Cîțu;Prime Minister;23 December 2020;NA;PNL;NA;NA;NA;NA;NA;NA;NA
RO;Dan Barna;Deputy Prime Minister;23 December 2020;NA;USR-PLUS;NA;NA;NA;NA;NA;NA;NA
RO;Hunor Kelemen;Deputy Prime Minister;23 December 2020;NA;UDMR;NA;NA;NA;NA;NA;NA;NA
RO;Sorin Cîmpeanu;Minister of Education;23 December 2020;NA;PNL;NA;NA;NA;NA;NA;NA;NA
RO;Virgil-Daniel Popescu;Minister of Energy;23 December 2020;NA;PNL;NA;NA;NA;NA;NA;NA;NA
RO;Claudiu Năsui;Minister of Economy, Entrepreneurship and Tourism;23 December 2020;NA;USR-PLUS;NA;NA;NA;NA;NA;NA;NA
RO;Bogdan Aurescu;Minister of Foreign Affairs;23 December 2020;NA;Independent;NA;NA;NA;NA;NA;NA;NA
RO;Nicolae Ciucă;Minister of National Defence;23 December 2020;NA;PNL;NA;NA;NA;NA;NA;NA;NA
RO;Raluca Turcan;Minister of Labour and Social Protection;23 December 2020;NA;PNL;NA;NA;NA;NA;NA;NA;NA
RO;Attila Cseke;Minister for Development, Public Works and Administration;23 December 2020;NA;UDMR;NA;NA;NA;NA;NA;NA;NA
RO;Barna Tánczos;Minister of Environment, Water and Forests;23 December 2020;NA;UDMR;NA;NA;NA;NA;NA;NA;NA
RO;Cătălin Drulă;Minister for Transport and Infrastructure;23 December 2020;NA;USR-PLUS;NA;NA;NA;NA;NA;NA;NA
RO;Alexandru Nazare;Minister of Finance;23 December 2020;NA;PNL;NA;NA;NA;NA;NA;NA;NA
RO;Stelian Ion;Minister of Justice;23 December 2020;NA;USR-PLUS;NA;NA;NA;NA;NA;NA;NA
RO;Nechita-Adrian Oros;Minister of Agriculture and Rural Development;23 December 2020;NA;PNL;NA;NA;NA;NA;NA;NA;NA
RO;Vlad Voiculescu;Minister of Health;23 December 2020;NA;USR-PLUS;NA;NA;NA;NA;NA;NA;NA
RO;Lucian Bode;Minister of Internal Affairs;23 December 2020;NA;PNL;NA;NA;NA;NA;NA;NA;NA
RO;Cristian Ghinea;Minister of Investments and European Projects;23 December 2020;NA;USR-PLUS;NA;NA;NA;NA;NA;NA;NA
RO;Bogdan Gheorghiu;Minister of Culture;23 December 2020;NA;PNL;NA;NA;NA;NA;NA;NA;NA
RO;Eduard Novak;Minister for Youth and Sport;23 December 2020;NA;UDMR;NA;NA;NA;NA;NA;NA;NA
RO;Ciprian Teleman;Minister of Research, Innovation and Digitalization;23 December 2020;NA;USR-PLUS;NA;NA;NA;NA;NA;NA;NA
SE;Stefan Löfven;Prime Minister;21 January 2019;Incumbent;Social Democratic;NA;NA;NA;NA;NA;NA;NA
SE;Margot Wallström;Deputy Prime Minister;21 January 2019;10 September 2019;Social Democratic;NA;NA;NA;NA;NA;NA;NA
SE;Morgan Johansson (de facto);Deputy Prime Minister;10 September 2019;Incumbent;Social Democratic;NA;NA;NA;NA;NA;NA;NA
SE;Isabella Lövin (de jure);Deputy Prime Minister;21 January 2019;5 February 2021;Green;NA;NA;NA;NA;NA;NA;NA
SE;Per Bolund (de jure);Deputy Prime Minister;5 February 2021;Incumbent;Green;NA;NA;NA;NA;NA;NA;NA
SE;Hans Dahlgren;Minister for EU Affairs;21 January 2019;Incumbent;Social Democratic;NA;NA;NA;NA;NA;NA;NA
SE;Morgan Johansson;Minister for JusticeMinister for Migration;21 January 2019;Incumbent;Social Democratic;NA;NA;NA;NA;NA;NA;NA
SE;Mikael Damberg;Minister of the Interior;21 January 2019;Incumbent;Social Democratic;NA;NA;NA;NA;NA;NA;NA
SE;Margot Wallström;Minister for Foreign Affairs;21 January 2019;10 September 2019;Social Democratic;NA;NA;NA;NA;NA;NA;NA
SE;Ann Linde;Minister for Foreign Affairs;10 September 2019;Incumbent;Social Democratic;NA;NA;NA;NA;NA;NA;NA
SE;Ann Linde;Minister for Foreign Trade Minister for Nordic Cooperation;21 January 2019;10 September 2019;Social Democratic;NA;NA;NA;NA;NA;NA;NA
SE;Anna Hallberg;Minister for Foreign Trade Minister for Nordic Cooperation;10 September 2019;Incumbent;Social Democratic;NA;NA;NA;NA;NA;NA;NA
SE;Peter Eriksson;Minister for International Development Cooperation;21 January 2019;17 December 2020;Green;NA;NA;NA;NA;NA;NA;NA
SE;Isabella Lövin (acting);Minister for International Development Cooperation;17 December 2020;5 February 2021;Green;NA;NA;NA;NA;NA;NA;NA
SE;Per Olsson Fridh;Minister for International Development Cooperation;5 February 2021;Incumbent;Green;NA;NA;NA;NA;NA;NA;NA
SE;Peter Hultqvist;Minister for Defence;21 January 2019;Incumbent;Social Democratic;NA;NA;NA;NA;NA;NA;NA
SE;Lena Hallengren;Minister for Health and Social Affairs;21 January 2019;Incumbent;Social Democratic;NA;NA;NA;NA;NA;NA;NA
SE;Annika Strandhäll;Minister for Social Security;21 January 2019;1 October 2019;Social Democratic;NA;NA;NA;NA;NA;NA;NA
SE;Ardalan Shekarabi;Minister for Social Security;1 October 2019;Incumbent;Social Democratic;NA;NA;NA;NA;NA;NA;NA
SE;Magdalena Andersson;Minister for Finance;21 January 2019;Incumbent;Social Democratic;NA;NA;NA;NA;NA;NA;NA
SE;Per Bolund;Minister for Financial MarketsMinister for HousingDeputy Minister for Finance;21 January 2019;5 February 2021;Green;NA;NA;NA;NA;NA;NA;NA
SE;Åsa Lindhagen;Minister for Financial MarketsDeputy Minister for Finance;5 February 2021;Incumbent;Green;NA;NA;NA;NA;NA;NA;NA
SE;Ardalan Shekarabi;Minister for Public AdministrationMinister for Consumer Affairs;21 January 2019;1 October 2019;Social Democratic;NA;NA;NA;NA;NA;NA;NA
SE;Lena Micko;Minister for Public AdministrationMinister for Consumer Affairs;1 October 2019;Incumbent;Social Democratic;NA;NA;NA;NA;NA;NA;NA
SE;Anna Ekström;Minister for Education;21 January 2019;Incumbent;Social Democratic;NA;NA;NA;NA;NA;NA;NA
SE;Matilda Ernkrans;Minister for Higher Education and Research;21 January 2019;Incumbent;Social Democratic;NA;NA;NA;NA;NA;NA;NA
SE;Isabella Lövin;Minister for the EnvironmentMinister for the Climate;21 January 2019;5 February 2021;Green;NA;NA;NA;NA;NA;NA;NA
SE;Per Bolund;Minister for the EnvironmentMinister for the Climate;5 February 2021;Incumbent;Green;NA;NA;NA;NA;NA;NA;NA
SE;Ibrahim Baylan;Minister for Enterprise;21 January 2019;Incumbent;Social Democratic;NA;NA;NA;NA;NA;NA;NA
SE;Jennie Nilsson;Minister for Rural Affairs;21 January 2019;Incumbent;Social Democratic;NA;NA;NA;NA;NA;NA;NA
SE;Amanda Lind;Minister for CultureMinister for Democracy Minister for Sports;21 January 2019;Incumbent;Green;NA;NA;NA;NA;NA;NA;NA
SE;Ylva Johansson;Minister for Employment;21 January 2019;10 September 2019;Social Democratic;NA;NA;NA;NA;NA;NA;NA
SE;Eva Nordmark;Minister for Employment;10 September 2019;Incumbent;Social Democratic;NA;NA;NA;NA;NA;NA;NA
SE;Åsa Lindhagen;Minister for Gender EqualityMinister with responsibility for anti-discrimination and anti-segregation;21 January 2019;5 February 2021;Green;NA;NA;NA;NA;NA;NA;NA
SE;Märta Stenevi;Minister for Gender EqualityMinister for Housing Minister with responsibility for anti-discrimination and anti-segregation;5 February 2021;Incumbent;Green;NA;NA;NA;NA;NA;NA;NA
SE;Tomas Eneroth;Minister for Infrastructure;21 January 2019;Incumbent;Social Democratic;NA;NA;NA;NA;NA;NA;NA
SE;Anders Ygeman;Minister for EnergyMinister for Digital Development;21 January 2019;Incumbent;Social Democratic;NA;NA;NA;NA;NA;NA;NA
SI;Janez Janša;Prime Minister;13 March 2020;NA;SDS;NA;NA;NA;NA;NA;NA;NA
SI;Zdravko Počivalšek;Deputy Prime MinisterMinister of Economic Development and Technology;13 March 2020;NA;SMC;NA;NA;NA;NA;NA;NA;NA
SI;Matej Tonin;Deputy Prime MinisterMinister of Defence;13 March 2020;NA;NSi;NA;NA;NA;NA;NA;NA;NA
SI;Jože Podgoršek;Minister of Agriculture, Forestry and Food;15 October 2020;NA;DeSUS;NA;NA;NA;NA;NA;NA;NA
SI;Simona Kustec;Minister of Education, Science and Sport;13 March 2020;NA;SMC;NA;NA;NA;NA;NA;NA;NA
SI;Janez Cigler Kralj;Minister of Labour, Family, Social Affairs and Equal Opportunity;13 March 2020;NA;NSi;NA;NA;NA;NA;NA;NA;NA
SI;Jernej Vrtovec;Minister of Infrastructure;13 March 2020;NA;NSi;NA;NA;NA;NA;NA;NA;NA
SI;Aleš Hojs;Minister of the Interior;13 March 2020;NA;SDS;NA;NA;NA;NA;NA;NA;NA
SI;Andrej Vizjak;Minister of Environment and Spatial Planning;13 March 2020;NA;SDS;NA;NA;NA;NA;NA;NA;NA
SI;Andrej Šircelj;Minister of Finance;13 March 2020;NA;SDS;NA;NA;NA;NA;NA;NA;NA
SI;Vasko Simoniti;Minister of Culture;13 March 2020;NA;SDS;NA;NA;NA;NA;NA;NA;NA
SI;"Janez Poklukar
";Minister of Health;23 February 2021;NA;Ind.;NA;NA;NA;NA;NA;NA;NA
SI;Boštjan Koritnik;Minister of Public Administration;13 March 2020;NA;SMC;NA;NA;NA;NA;NA;NA;NA
SI;Anže Logar;Minister of Foreign Affairs;13 March 2020;NA;SDS;NA;NA;NA;NA;NA;NA;NA
SI;Lilijana Kozlovič;Minister of Justice;13 March 2020;NA;SMC;NA;NA;NA;NA;NA;NA;NA
SI;Zvone Černač;Minister without portfolio for Development and European Cohesion Policy;13 March 2020;NA;SDS;NA;NA;NA;NA;NA;NA;NA
SI;Helena Jaklitsch;Minister without portfolio for Slovenian Diaspora;13 March 2020;NA;SDS;NA;NA;NA;NA;NA;NA;NA
SK;Igor Matovič;Prime Minister;21 March 2020;Incumbent;OĽaNO;NA;NA;NA;NA;NA;NA;NA
SK;Štefan Hollý;Deputy Prime Minister for Legislation and Strategic Planning;21 March 2020;Incumbent;SR;NA;NA;NA;NA;NA;NA;NA
SK;Veronika Remišová;Deputy Prime Minister and Minister of Investments and Regional Development;21 March 2020;Incumbent;ZĽ;NA;NA;NA;NA;NA;NA;NA
SK;Richard Sulík;Deputy Prime Minister for Economic Affairs and Minister of Economy;21 March 2020;Incumbent;SaS;NA;NA;NA;NA;NA;NA;NA
SK;Eduard Heger;Deputy Prime Minister and Minister of Finance;21 March 2020;Incumbent;OĽaNO;NA;NA;NA;NA;NA;NA;NA
SK;Roman Mikulec;Minister of Internal affairs;21 March 2020;Incumbent;OĽaNO;NA;NA;NA;NA;NA;NA;NA
SK;Marek Krajčí;Minister of Health;21 March 2020;12 March 2021;OĽaNO;NA;NA;NA;NA;NA;NA;NA
SK;Eduard Heger(acting);Minister of Health;12 March 2021;Incumbent;OĽaNO;NA;NA;NA;NA;NA;NA;NA
SK;Jaroslav Naď;Minister of Defence;21 March 2020;Incumbent;OĽaNO;NA;NA;NA;NA;NA;NA;NA
SK;Mária Kolíková;Minister of Justice;21 March 2020;Incumbent;ZĽ;NA;NA;NA;NA;NA;NA;NA
SK;Richard Sulík(acting);Minister of Foreign and European Affairs;21 March 2020;8 April 2020;SaS;NA;NA;NA;NA;NA;NA;NA
SK;Ivan Korčok;Minister of Foreign and European Affairs;8 April 2020;Incumbent;Independent(SaS);NA;NA;NA;NA;NA;NA;NA
SK;Branislav Gröhling;Minister of Education, Science, Research and Sport;21 March 2020;Incumbent;SaS;NA;NA;NA;NA;NA;NA;NA
SK;Milan Krajniak;Minister of Labour, Social Affairs and Family;21 March 2020;17 March 2021;SR;NA;NA;NA;NA;NA;NA;NA
SK;Andrej Doležal(acting);Minister of Labour, Social Affairs and Family;17 March 2021;Incumbent;Independent(SR);NA;NA;NA;NA;NA;NA;NA
SK;Andrej Doležal;Minister of Transport and Construction;21 March 2020;Incumbent;Independent(SR);NA;NA;NA;NA;NA;NA;NA
SK;Natália Milanová;Minister of Culture;21 March 2020;Incumbent;OĽaNO;NA;NA;NA;NA;NA;NA;NA
SK;Ján Mičovský;Minister of Agriculture and Rural Development;21 March 2020;Incumbent;OĽaNO;NA;NA;NA;NA;NA;NA;NA
SK;Ján Budaj;Minister of Environment;21 March 2020;Incumbent;OĽaNO;NA;NA;NA;NA;NA;NA;NA
