cntry,name_minister,portfolio,party,party_fullname,party_abbr,party_nameen,orientation,ep_affiliation,eu_stance
AUT,Sebastian Kurz,Chancellor of Austria[a],ÖVP,Österreichische Volkspartei,ÖVP,Austrian People’s Party,Centre-right,EPP,Somewhat in favour of EU integration
AUT,Werner Kogler,"Vice-Chancellor of AustriaMinister for Arts, Culture, the Civil Service and Sport",Greens,Die Grünen – Die Grüne Alternative,GRÜNE,The Greens – The Green Alternative,Green,Greens/EFA,Strongly in favour of EU integration
AUT,Karoline Edtstadler,Chancellery minister for the EU and Constitution,ÖVP,Österreichische Volkspartei,ÖVP,Austrian People’s Party,Centre-right,EPP,Somewhat in favour of EU integration
AUT,Susanne Raab,Chancellery minister for Women and Integration,ÖVP,Österreichische Volkspartei,ÖVP,Austrian People’s Party,Centre-right,EPP,Somewhat in favour of EU integration
AUT,Karl Nehammer,Minister of the Interior,ÖVP,Österreichische Volkspartei,ÖVP,Austrian People’s Party,Centre-right,EPP,Somewhat in favour of EU integration
AUT,Alexander Schallenberg,Minister for European and International Affairs,Independent(ÖVP nominated),NI,NI,NI,NI,NI,NI
AUT,Alma Zadić,Minister of Justice,Greens,Die Grünen – Die Grüne Alternative,GRÜNE,The Greens – The Green Alternative,Green,Greens/EFA,Strongly in favour of EU integration
AUT,Rudolf Anschober,"Minister of Social Affairs, Health, Care, and Consumer Protection",Greens,Die Grünen – Die Grüne Alternative,GRÜNE,The Greens – The Green Alternative,Green,Greens/EFA,Strongly in favour of EU integration
AUT,Christine Aschbacher,"Minister of Labour, Family and Youth",ÖVP,Österreichische Volkspartei,ÖVP,Austrian People’s Party,Centre-right,EPP,Somewhat in favour of EU integration
AUT,Klaudia Tanner,Minister of Defence,ÖVP,Österreichische Volkspartei,ÖVP,Austrian People’s Party,Centre-right,EPP,Somewhat in favour of EU integration
AUT,Heinz Faßmann,"Minister of Education, Science, and Research",Independent(ÖVP nominated),NI,NI,NI,NI,NI,NI
AUT,Leonore Gewessler,"Minister of Climate Action, Environment, Energy, Mobility, Innovation and Technology[b]",Greens,Die Grünen – Die Grüne Alternative,GRÜNE,The Greens – The Green Alternative,Green,Greens/EFA,Strongly in favour of EU integration
AUT,Elisabeth Köstinger,"Minister of Agriculture, Regions, and Tourism",ÖVP,Österreichische Volkspartei,ÖVP,Austrian People’s Party,Centre-right,EPP,Somewhat in favour of EU integration
AUT,Margarete Schramböck,Minister of Digital and Economic Affairs,ÖVP,Österreichische Volkspartei,ÖVP,Austrian People’s Party,Centre-right,EPP,Somewhat in favour of EU integration
AUT,Gernot Blümel,Minister of Finance,ÖVP,Österreichische Volkspartei,ÖVP,Austrian People’s Party,Centre-right,EPP,Somewhat in favour of EU integration
AUT,Magnus Brunner,"State secretary in the Ministry for Climate Action, Environment, Energy, Mobility, Innovation and Technology[b]",ÖVP,Österreichische Volkspartei,ÖVP,Austrian People’s Party,Centre-right,EPP,Somewhat in favour of EU integration
AUT,Andrea Mayer,"State secretary in the Ministry for Arts, Culture, the Civil Service and Sport",Independent(Greens nominated),NI,NI,NI,NI,NI,NI
AUT,Ulrike Lunacek,"State secretary in the Ministry for Arts, Culture, the Civil Service and Sport",Greens,Die Grünen – Die Grüne Alternative,GRÜNE,The Greens – The Green Alternative,Green,Greens/EFA,Strongly in favour of EU integration
BEL,Alexander De Croo,Prime Minister,Open Vld,Open Vlaamse Liberalen en Democraten,Open VLD,Open Flemish Liberals and Democrats,Liberal,RE,Strongly in favour of EU integration
BEL,Pierre-Yves Dermagne,Minister of Economy and Labour,PS,Parti Socialiste,PS,Socialist Party,Centre-left,S&D,In favour of EU integration
BEL,Sophie Wilmès (replaced during illness by David Clarinval),"Minister of Foreign Affairs, European Affairs, Trade, and bicultural institutions",MR,Mouvement Réformateur,MR,Reformist Movement,Liberal,RE,Strongly in favour of EU integration
BEL,Georges Gilkinet,Minister of Mobility,ECOLO,Écologistes Confédérés Pour l’Organisation de Luttes Originales,Ecolo,Ecolo,Green politics,Greens/EFA,Strongly in favour of EU integration
BEL,Vincent Van Peteghem,Minister of Finance and the Coordination of the fight against fraud,CD&V,Christen-Democratisch en Vlaams,CD&V,Christian Democratic and Flemish,Centre-right,EPP,Strongly in favour of EU integration
BEL,Frank Vandenbroucke,Minister of Social Affairs and Public Health,sp.a,Socialistische Partij Anders,SP.A,Socialist Party Different,Centre-left,S&D,In favour of EU integration
BEL,Petra De Sutter,"Minister of Civil Service, Public Enterprises, Telecommunications and Post",Groen,Groen,Groen,Green,Green politics,Greens/EFA,Strongly in favour of EU integration
BEL,Vincent Van Quickenborne,Minister of Justice and the North Sea,Open Vld,Open Vlaamse Liberalen en Democraten,Open VLD,Open Flemish Liberals and Democrats,Liberal,RE,Strongly in favour of EU integration
BEL,David Clarinval,"Minister of the Middle Class, Self-employed, SMEs, Agriculture,  Institutional Reforms and Democratic Renewal",MR,Mouvement Réformateur,MR,Reformist Movement,Liberal,RE,Strongly in favour of EU integration
BEL,Karine Lalieux,"Minister of Pensions, Social Integration, Disabled Persons, Fighting Poverty and Beliris",PS,Parti Socialiste,PS,Socialist Party,Centre-left,S&D,In favour of EU integration
BEL,Ludivine Dedonder,Minister of Defence,PS,Parti Socialiste,PS,Socialist Party,Centre-left,S&D,In favour of EU integration
BEL,Zakia Khattabi,"Minister of Climate, Environment, Sustainable Development and Green Deal",ECOLO,Écologistes Confédérés Pour l’Organisation de Luttes Originales,Ecolo,Ecolo,Green politics,Greens/EFA,Strongly in favour of EU integration
BEL,Annelies Verlinden,"Minister of the Interior, Institutional Reforms and Democratic Renewal",CD&V,Christen-Democratisch en Vlaams,CD&V,Christian Democratic and Flemish,Centre-right,EPP,Strongly in favour of EU integration
BEL,Meryame Kitir,Minister of Development Cooperation and Urban Policy,sp.a,Socialistische Partij Anders,SP.A,Socialist Party Different,Centre-left,S&D,In favour of EU integration
BEL,Tinne Van der Straeten,Minister of Energy,Groen,Groen,Groen,Green,Green politics,Greens/EFA,Strongly in favour of EU integration
BEL,Thomas Dermine,"Secretary of State for Recovery and Strategic Investments, in charge of Science Policy ; deputy to the Minister of the Economy and Labour",PS,Parti Socialiste,PS,Socialist Party,Centre-left,S&D,In favour of EU integration
BEL,Mathieu Michel (politician),"Secretary of State for Digital Agenda, Administrative Simplification, Privacy and Public Buildings Management ; deputy to the Prime ministre",MR,Mouvement Réformateur,MR,Reformist Movement,Liberal,RE,Strongly in favour of EU integration
BEL,Sarah Schlitz,"Secretary of State for Gender Equality, Equal Opportunities and Diversity ; deputy to the Minister of Mobility",ECOLO,Écologistes Confédérés Pour l’Organisation de Luttes Originales,Ecolo,Ecolo,Green politics,Greens/EFA,Strongly in favour of EU integration
BEL,Sammy Mahdi,"Secretary of State for Asylum and Migration, in charge of the National Lottery, deputy to the Minister of the Interior, Institutional Reforms and Democratic Renewal",CD&V,Christen-Democratisch en Vlaams,CD&V,Christian Democratic and Flemish,Centre-right,EPP,Strongly in favour of EU integration
BEL,Eva De Bleeker,"Secretary of State for Budget and Consumers protection, deputy to the Minister of Justice and the North Sea",Open Vld,Open Vlaamse Liberalen en Democraten,Open VLD,Open Flemish Liberals and Democrats,Liberal,RE,Strongly in favour of EU integration
BGR,Tomislav Donchev,Deputy Prime Minister,GERB,Grazhdani za evropeĭsko razvitie na Bŭlgariya,GERB,Citizens for European Development of Bulgaria,Centre-right,EPP,Strongly in favour of EU integration
BGR,Mariyana Nikolova,Deputy Prime Minister in charge of economy and demographic policies,NFSB,Natsionalen front za spasenie na Bŭlgariya,NFSB,National Front for the Salvation of Bulgaria,Right-wing,NA,Neutral towards EU integration
BGR,Ekaterina Zakharieva,Deputy Prime Minister in charge of the judiciary reform and Minister of Foreign Affairs,"nominated by GERB, unaffiliated",NI,NI,NI,NI,NI,NI
BGR,Krasimir Karakachanov,Deputy Prime Minister in charge of public order and national security and Minister of Defence,VMRO,VMRO,VMRO,IMRO – Bulgarian National Movement,National-conservative,ECR,Neutral towards EU integration
BGR,Hristo Terziyski,Minister of Interior,GERB,Grazhdani za evropeĭsko razvitie na Bŭlgariya,GERB,Citizens for European Development of Bulgaria,Centre-right,EPP,Strongly in favour of EU integration
BGR,Kiril Ananiev,Minister of Finance,GERB,Grazhdani za evropeĭsko razvitie na Bŭlgariya,GERB,Citizens for European Development of Bulgaria,Centre-right,EPP,Strongly in favour of EU integration
BGR,Lilyana Pavlova,Minister in charge of the Bulgarian Presidency of the Council of the European Union in 2018,GERB,Grazhdani za evropeĭsko razvitie na Bŭlgariya,GERB,Citizens for European Development of Bulgaria,Centre-right,EPP,Strongly in favour of EU integration
BGR,Desislava Ahladova,Minister of Justice,GERB,Grazhdani za evropeĭsko razvitie na Bŭlgariya,GERB,Citizens for European Development of Bulgaria,Centre-right,EPP,Strongly in favour of EU integration
BGR,Denitsa Sacheva,Minister of Labour and Social Policies,nominated by the United Patriots,NI,NI,NI,NI,NI,NI
BGR,Petya Avramova,Minister of Regional Development and Public Works,GERB,Grazhdani za evropeĭsko razvitie na Bŭlgariya,GERB,Citizens for European Development of Bulgaria,Centre-right,EPP,Strongly in favour of EU integration
BGR,Lachezar Borisov,Minister of Economy,nominated by the United Patriots,NI,NI,NI,NI,NI,NI
BGR,Temenuzhka Petkova,Minister of Energy,"nominated by GERB, unaffiliated",NI,NI,NI,NI,NI,NI
BGR,Emil Dimitrov,Minister of Environment and Water,nominated by the United Patriots,NI,NI,NI,NI,NI,NI
BGR,Desislava Taneva,"Minister of Agriculture, Food and Forestry",nominated by the United Patriots,NI,NI,NI,NI,NI,NI
BGR,Rossen Jeliazkov,"Minister of Transport, Information Technologies and Communications",GERB,Grazhdani za evropeĭsko razvitie na Bŭlgariya,GERB,Citizens for European Development of Bulgaria,Centre-right,EPP,Strongly in favour of EU integration
BGR,Krasimir Valchev,Minister of Education and Science,nominated by GERB,NI,NI,NI,NI,NI,NI
BGR,Kostadin Angelov,Minister of Health,"nominated by GERB, unaffiliated",NI,NI,NI,NI,NI,NI
BGR,Boil Banov,Minister of Culture,unaffiliated,NI,NI,NI,NI,NI,NI
BGR,Mariyana Nikolova,Minister of Tourism,GERB,Grazhdani za evropeĭsko razvitie na Bŭlgariya,GERB,Citizens for European Development of Bulgaria,Centre-right,EPP,Strongly in favour of EU integration
BGR,Krasen Kralev,Minister of Youth and Sports,GERB,Grazhdani za evropeĭsko razvitie na Bŭlgariya,GERB,Citizens for European Development of Bulgaria,Centre-right,EPP,Strongly in favour of EU integration
CYP,Nicos Anastasiades,President,DISY,Dimokratikós Sinagermós,DISY,Democratic Rally,Centre-right,EPP,In favour of EU integration
CYP,Nikos Christodoulides,Minister of Foreign Affairs,DISY,Dimokratikós Sinagermós,DISY,Democratic Rally,Centre-right,EPP,In favour of EU integration
CYP,Constantinos Petrides,Minister of Interior,DISY,Dimokratikós Sinagermós,DISY,Democratic Rally,Centre-right,EPP,In favour of EU integration
CYP,Harris Georgiades,Minister of Finance,DISY,Dimokratikós Sinagermós,DISY,Democratic Rally,Centre-right,EPP,In favour of EU integration
CYP,Georgios Lakkotrypis,"Minister of Energy, Commerce, Industry and Tourism",Independent,NI,NI,NI,NI,NI,NI
CYP,Zeta Emilianidou,Minister of Labour and Social Insurance,Independent,NI,NI,NI,NI,NI,NI
CYP,Costas Kadis,"Minister of Agriculture, Natural Resources and Environment",Independent,NI,NI,NI,NI,NI,NI
CYP,Costas Hambiaouris,Minister of Education and Culture,Independent,NI,NI,NI,NI,NI,NI
CYP,Ionas Nicolaou,Minister of Justice and Public Order,DISY,Dimokratikós Sinagermós,DISY,Democratic Rally,Centre-right,EPP,In favour of EU integration
CYP,Savvas Angelides,Minister of Defence,Independent,NI,NI,NI,NI,NI,NI
CYP,Vassiliki Anastasiadou,"Minister of Transport, Communications and Works",Independent,NI,NI,NI,NI,NI,NI
CYP,Constantinos Ioannou,Minister of Health,Independent,NI,NI,NI,NI,NI,NI
CYP,Prodromos Prodromou,Government spokesman,DISY,Dimokratikós Sinagermós,DISY,Democratic Rally,Centre-right,EPP,In favour of EU integration
CYP,Vasilis Palmas,Deputy Minister to the President,Independent,NI,NI,NI,NI,NI,NI
CYP,Natasa Pileidou,Deputy Minister of Shipping,DISY,Dimokratikós Sinagermós,DISY,Democratic Rally,Centre-right,EPP,In favour of EU integration
CYP,Savvas Perdios,Deputy Minister of Tourism,Independent,NI,NI,NI,NI,NI,NI
CYP,Klelia Vassiliou,Deputy government spokesman,Independent,NI,NI,NI,NI,NI,NI
CZE,Andrej Babiš,Chairman of the Government,ANO,ANO 2011,ANO 2011,YES 2011,Centrist,RE,Somewhat in favour of EU integration
CZE,Tomáš Petříček,Minister of Foreign Affairs,ČSSD,Česká Strana Sociálně Demokratická,ČSSD,Czech Social Democratic Party,Centre-left,S&D,In favour of EU integration
CZE,Jan Hamáček,Minister of the Interior,ČSSD,Česká Strana Sociálně Demokratická,ČSSD,Czech Social Democratic Party,Centre-left,S&D,In favour of EU integration
CZE,Alena Schillerová,Finance Minister,nominated by ANO,NI,NI,NI,NI,NI,NI
CZE,Lubomír Metnar,Minister of Defense,nominated by ANO,NI,NI,NI,NI,NI,NI
CZE,Marie Benešova,Minister of Justice,nominated by ANO,NI,NI,NI,NI,NI,NI
CZE,Karel Havlíček,Minister of Industry and Trade,nominated by ANO,NI,NI,NI,NI,NI,NI
CZE,Klára Dostálová,Minister for Regional Development,nominated by ANO,NI,NI,NI,NI,NI,NI
CZE,Jan Blatný,Ministry of Health,nominated by ANO,NI,NI,NI,NI,NI,NI
CZE,Jana Maláčová,Minister of Labour and Social Affairs,ČSSD,Česká Strana Sociálně Demokratická,ČSSD,Czech Social Democratic Party,Centre-left,S&D,In favour of EU integration
CZE,Robert Plaga,"Minister of Education, Youth and Sports",nominated by ANO,NI,NI,NI,NI,NI,NI
CZE,Karel Havlíček,Minister of Transport,nominated by ANO,NI,NI,NI,NI,NI,NI
CZE,Richard Brabec,Minister of the Environment,ANO,ANO 2011,ANO 2011,YES 2011,Centrist,RE,Somewhat in favour of EU integration
CZE,Lubomír Zaorálek,Minister of Culture,ČSSD,Česká Strana Sociálně Demokratická,ČSSD,Czech Social Democratic Party,Centre-left,S&D,In favour of EU integration
CZE,Miroslav Toman,Minister of Agriculture,nominated by ČSSD,NI,NI,NI,NI,NI,NI
DEU,Angela Merkel,Chancellor of Germany,CDU,Christlich Demokratische Union Deutschlands,CDU,Christian Democratic Union of Germany,Centre-right,EPP,In favour of EU integration
DEU,Olaf Scholz,Vice Chancellor of GermanyFederal Minister of Finance,SPD,Sozialdemokratische Partei Deutschlands,SPD,Social Democratic Party of Germany,Centre-left,S&D,Strongly in favour of EU integration
DEU,Horst Seehofer,"Federal Minister of the Interior, Building and Community",CSU,Christlich-Soziale Union in Bayern e. V.,CSU,Christian Social Union in Bavaria,Centre-right,EPP,In favour of EU integration
DEU,Heiko Maas,Federal Minister of Foreign Affairs,SPD,Sozialdemokratische Partei Deutschlands,SPD,Social Democratic Party of Germany,Centre-left,S&D,Strongly in favour of EU integration
DEU,Peter Altmaier,Federal Minister for Economics and Energy,CDU,Christlich Demokratische Union Deutschlands,CDU,Christian Democratic Union of Germany,Centre-right,EPP,In favour of EU integration
DEU,Christine Lambrecht,Federal Minister of Justice and Consumer Protection,SPD,Sozialdemokratische Partei Deutschlands,SPD,Social Democratic Party of Germany,Centre-left,S&D,Strongly in favour of EU integration
DEU,Hubertus Heil,Federal Minister for Labour and Social Affairs,SPD,Sozialdemokratische Partei Deutschlands,SPD,Social Democratic Party of Germany,Centre-left,S&D,Strongly in favour of EU integration
DEU,Annegret Kramp-Karrenbauer,Federal Minister of Defence,CDU,Christlich Demokratische Union Deutschlands,CDU,Christian Democratic Union of Germany,Centre-right,EPP,In favour of EU integration
DEU,Julia Klöckner,Federal Minister for Food and Agriculture,CDU,Christlich Demokratische Union Deutschlands,CDU,Christian Democratic Union of Germany,Centre-right,EPP,In favour of EU integration
DEU,Franziska Giffey,"Federal Minister for Family Affairs, Senior Citizens, Women and Youth",SPD,Sozialdemokratische Partei Deutschlands,SPD,Social Democratic Party of Germany,Centre-left,S&D,Strongly in favour of EU integration
DEU,Jens Spahn,Federal Minister for Health,CDU,Christlich Demokratische Union Deutschlands,CDU,Christian Democratic Union of Germany,Centre-right,EPP,In favour of EU integration
DEU,Andreas Scheuer,Federal Minister for Transport and Digital Infrastructure,CSU,Christlich-Soziale Union in Bayern e. V.,CSU,Christian Social Union in Bavaria,Centre-right,EPP,In favour of EU integration
DEU,Svenja Schulze,"Federal Minister for the Environment, Nature Conservation and Nuclear Safety",SPD,Sozialdemokratische Partei Deutschlands,SPD,Social Democratic Party of Germany,Centre-left,S&D,Strongly in favour of EU integration
DEU,Anja Karliczek,Federal Minister for Education and Research,CDU,Christlich Demokratische Union Deutschlands,CDU,Christian Democratic Union of Germany,Centre-right,EPP,In favour of EU integration
DEU,Gerd Müller,Federal Minister for Economic Cooperation and Development,CSU,Christlich-Soziale Union in Bayern e. V.,CSU,Christian Social Union in Bavaria,Centre-right,EPP,In favour of EU integration
DEU,Helge Braun,Federal Minister for Special AffairsHead of the Chancellery,CDU,Christlich Demokratische Union Deutschlands,CDU,Christian Democratic Union of Germany,Centre-right,EPP,In favour of EU integration
DNK,Mette Frederiksen,Prime Minister,The Social Democratic Party,Socialdemokratiet,NA,Social Democrats,Centre-left,S&D,Somewhat in favour of EU integration
DNK,Nicolai Wammen,Minister for Finance,The Social Democratic Party,Socialdemokratiet,NA,Social Democrats,Centre-left,S&D,Somewhat in favour of EU integration
DNK,Jeppe Kofod,Minister for Foreign Affairs,The Social Democratic Party,Socialdemokratiet,NA,Social Democrats,Centre-left,S&D,Somewhat in favour of EU integration
DNK,Nick Hækkerup,Minister for Justice,The Social Democratic Party,Socialdemokratiet,NA,Social Democrats,Centre-left,S&D,Somewhat in favour of EU integration
DNK,Astrid Krag,NA,The Social Democratic Party,Socialdemokratiet,NA,Social Democrats,Centre-left,S&D,Somewhat in favour of EU integration
DNK,Morten Bødskov,Minister for Taxation,The Social Democratic Party,Socialdemokratiet,NA,Social Democrats,Centre-left,S&D,Somewhat in favour of EU integration
DNK,Dan Jørgensen,"Minister for Climate, Energy and Utilities",The Social Democratic Party,Socialdemokratiet,NA,Social Democrats,Centre-left,S&D,Somewhat in favour of EU integration
DNK,Magnus Heunicke,Minister for Health,The Social Democratic Party,Socialdemokratiet,NA,Social Democrats,Centre-left,S&D,Somewhat in favour of EU integration
DNK,Benny Engelbrecht,Minister for Transport,The Social Democratic Party,Socialdemokratiet,NA,Social Democrats,Centre-left,S&D,Somewhat in favour of EU integration
DNK,Rasmus Prehn,"Minister for Food, Agriculture and Fisheries",The Social Democratic Party,Socialdemokratiet,NA,Social Democrats,Centre-left,S&D,Somewhat in favour of EU integration
DNK,Pernille Rosenkrantz-Theil,Minister for Children and Education,The Social Democratic Party,Socialdemokratiet,NA,Social Democrats,Centre-left,S&D,Somewhat in favour of EU integration
DNK,Trine Bramsen,Minister of Defence,The Social Democratic Party,Socialdemokratiet,NA,Social Democrats,Centre-left,S&D,Somewhat in favour of EU integration
DNK,Ane Halsboe-Jørgensen,Minister for Higher Education and Science,The Social Democratic Party,Socialdemokratiet,NA,Social Democrats,Centre-left,S&D,Somewhat in favour of EU integration
DNK,Simon Kollerup,"Minister for Industry, Business and Financial Affairs",The Social Democratic Party,Socialdemokratiet,NA,Social Democrats,Centre-left,S&D,Somewhat in favour of EU integration
DNK,Mattias Tesfaye,Minister for Immigration and Integration,The Social Democratic Party,Socialdemokratiet,NA,Social Democrats,Centre-left,S&D,Somewhat in favour of EU integration
DNK,Peter Hummelgaard,Minister for Employment and minister for Gender Equality,The Social Democratic Party,Socialdemokratiet,NA,Social Democrats,Centre-left,S&D,Somewhat in favour of EU integration
DNK,Kaare Dybvad,NA,The Social Democratic Party,Socialdemokratiet,NA,Social Democrats,Centre-left,S&D,Somewhat in favour of EU integration
DNK,Lea Wermelin,Minister for the Environment,The Social Democratic Party,Socialdemokratiet,NA,Social Democrats,Centre-left,S&D,Somewhat in favour of EU integration
DNK,Joy Mogensen (S),Minister for Culture and Minister for Ecclesiastical AffairsJoy Mogensen (S),The Social Democratic Party,Socialdemokratiet,NA,Social Democrats,Centre-left,S&D,Somewhat in favour of EU integration
DNK,Flemming Møller Mortensen,Minister for Development Cooperation and Nordic Cooperation,The Social Democratic Party,Socialdemokratiet,NA,Social Democrats,Centre-left,S&D,Somewhat in favour of EU integration
EST,Jüri Ratas,Prime Minister,Centre,Eesti Keskerakond,NA,Estonian Centre Party,Centrist,RE,In favour of EU integration
EST,Martin Helme,Minister of Finance,EKRE,Eesti Konservatiivne Rahvaerakond,EKRE,Conservative People’s Party of Estonia,Right-wing,ID,Opposed to EU integration
EST,Jaak Aab,Minister of Public Administration,Centre,Eesti Keskerakond,NA,Estonian Centre Party,Centrist,RE,In favour of EU integration
EST,Anneli Ott,Minister of Public Administration,Centre,Eesti Keskerakond,NA,Estonian Centre Party,Centrist,RE,In favour of EU integration
EST,Urmas Reinsalu,Minister of Foreign Affairs,Isamaa,Isamaa,NA,Pro Patria,Centre-right,EPP,Somewhat in favour of EU integration
EST,Taavi Aas,Minister of Economic Affairs and Infrastructure,Centre,Eesti Keskerakond,NA,Estonian Centre Party,Centrist,RE,In favour of EU integration
EST,Marti Kuusik,Minister of Foreign Trade andInformation Technology,EKRE,Eesti Konservatiivne Rahvaerakond,EKRE,Conservative People’s Party of Estonia,Right-wing,ID,Opposed to EU integration
EST,Kert Kingo,Minister of Foreign Trade andInformation Technology,EKRE,Eesti Konservatiivne Rahvaerakond,EKRE,Conservative People’s Party of Estonia,Right-wing,ID,Opposed to EU integration
EST,Kaimar Karu,Minister of Foreign Trade andInformation Technology,Independent,NI,NI,NI,NI,NI,NI
EST,Raul Siem,Minister of Foreign Trade andInformation Technology,EKRE,Eesti Konservatiivne Rahvaerakond,EKRE,Conservative People’s Party of Estonia,Right-wing,ID,Opposed to EU integration
EST,Raivo Aeg,Minister of Justice,Isamaa,Isamaa,NA,Pro Patria,Centre-right,EPP,Somewhat in favour of EU integration
EST,Jüri Luik,Minister of Defence,Isamaa,Isamaa,NA,Pro Patria,Centre-right,EPP,Somewhat in favour of EU integration
EST,Tõnis Lukas,Minister of Culture,Isamaa,Isamaa,NA,Pro Patria,Centre-right,EPP,Somewhat in favour of EU integration
EST,Mart Helme,Minister of the Interior,EKRE,Eesti Konservatiivne Rahvaerakond,EKRE,Conservative People’s Party of Estonia,Right-wing,ID,Opposed to EU integration
EST,Alar Laneman,Minister of the Interior,EKRE,Eesti Konservatiivne Rahvaerakond,EKRE,Conservative People’s Party of Estonia,Right-wing,ID,Opposed to EU integration
EST,Riina Solman,Minister of Population Affairs,Isamaa,Isamaa,NA,Pro Patria,Centre-right,EPP,Somewhat in favour of EU integration
EST,Mailis Reps,Minister of Education and Research,Centre,Eesti Keskerakond,NA,Estonian Centre Party,Centrist,RE,In favour of EU integration
EST,Jaak Aab,Minister of Education and Research,Centre,Eesti Keskerakond,NA,Estonian Centre Party,Centrist,RE,In favour of EU integration
EST,Rene Kokk,Minister of the Environment,EKRE,Eesti Konservatiivne Rahvaerakond,EKRE,Conservative People’s Party of Estonia,Right-wing,ID,Opposed to EU integration
EST,Rain Epler,Minister of the Environment,EKRE,Eesti Konservatiivne Rahvaerakond,EKRE,Conservative People’s Party of Estonia,Right-wing,ID,Opposed to EU integration
EST,Tanel Kiik,Minister of Social Affairs,Centre,Eesti Keskerakond,NA,Estonian Centre Party,Centrist,RE,In favour of EU integration
EST,Mart Järvik,Minister of Rural Affairs,EKRE,Eesti Konservatiivne Rahvaerakond,EKRE,Conservative People’s Party of Estonia,Right-wing,ID,Opposed to EU integration
EST,Arvo Aller,Minister of Rural Affairs,EKRE,Eesti Konservatiivne Rahvaerakond,EKRE,Conservative People’s Party of Estonia,Right-wing,ID,Opposed to EU integration
ESP,Pedro Sánchez,Prime Minister,PSOE,Partido Socialista Obrero Español,PSOE,Spanish Socialist Workers’ Party,Centre-left,S&D,Strongly in favour of EU integration
ESP,Carmen Calvo,"First Deputy Prime MinisterMinister of the Presidency, Relations with the Cortes and Democratic Memory",PSOE,Partido Socialista Obrero Español,PSOE,Spanish Socialist Workers’ Party,Centre-left,S&D,Strongly in favour of EU integration
ESP,Pablo Iglesias,Second Deputy Prime MinisterMinister of Social Rights and 2030 Agenda,Podemos,Podemos,NA,We Can,Left-wing,"LEFT(LEFT, NTP)",Somewhat in favour of EU integration
ESP,Nadia Calviño,Third Deputy Prime MinisterMinister of Economic Affairs and Digital Transformation,Independent,NI,NI,NI,NI,NI,NI
ESP,Teresa Ribera,Fourth Deputy Prime MinisterMinister for the Ecological Transition and the Demographic Challenge,PSOE,Partido Socialista Obrero Español,PSOE,Spanish Socialist Workers’ Party,Centre-left,S&D,Strongly in favour of EU integration
ESP,Arancha González Laya,"Minister of Foreign Affairs, European Union and Cooperation",Independent,NI,NI,NI,NI,NI,NI
ESP,Juan Carlos Campo,Minister of Justice,Independent,NI,NI,NI,NI,NI,NI
ESP,Margarita Robles,Minister of Defence,Independent,NI,NI,NI,NI,NI,NI
ESP,María Jesús Montero,Minister of FinanceSpokesperson of the Government,PSOE,Partido Socialista Obrero Español,PSOE,Spanish Socialist Workers’ Party,Centre-left,S&D,Strongly in favour of EU integration
ESP,Fernando Grande-Marlaska,Minister of the Interior,Independent,NI,NI,NI,NI,NI,NI
ESP,José Luis Ábalos,"Minister of Transport, Mobility and Urban Agenda",PSOE,Partido Socialista Obrero Español,PSOE,Spanish Socialist Workers’ Party,Centre-left,S&D,Strongly in favour of EU integration
ESP,Isabel Celaá,Minister of Education and Vocational Training,PSOE,Partido Socialista Obrero Español,PSOE,Spanish Socialist Workers’ Party,Centre-left,S&D,Strongly in favour of EU integration
ESP,Yolanda Díaz,Minister of Labour and Social Economy,PCE,Partido Comunista de España,PCE,Communist Party of Spain,Left-wing,LEFT,Somewhat in favour of EU integration
ESP,Reyes Maroto,"Minister of Industry, Trade and Tourism",PSOE,Partido Socialista Obrero Español,PSOE,Spanish Socialist Workers’ Party,Centre-left,S&D,Strongly in favour of EU integration
ESP,Luis Planas,"Minister of Agriculture, Fisheries and Food",PSOE,Partido Socialista Obrero Español,PSOE,Spanish Socialist Workers’ Party,Centre-left,S&D,Strongly in favour of EU integration
ESP,Carolina Darias,Minister of Territorial Policy and Civil Service,PSOE,Partido Socialista Obrero Español,PSOE,Spanish Socialist Workers’ Party,Centre-left,S&D,Strongly in favour of EU integration
ESP,José Manuel Rodríguez Uribes,Minister of Culture and Sports,PSOE,Partido Socialista Obrero Español,PSOE,Spanish Socialist Workers’ Party,Centre-left,S&D,Strongly in favour of EU integration
ESP,Salvador Illa,Minister of Health,PSC–PSOE,Partido de los Socialistas de Cataluña,PSC-PSOE,Socialists’ Party of Catalonia,Centre-left,S&D,Strongly in favour of EU integration
ESP,Pedro Duque,Minister of Science and Innovation,Independent,NI,NI,NI,NI,NI,NI
ESP,Irene Montero,Minister of Equality,Podemos,Podemos,NA,We Can,Left-wing,"LEFT(LEFT, NTP)",Somewhat in favour of EU integration
ESP,Alberto Garzón,Minister of Consumer Affairs,PCE,Partido Comunista de España,PCE,Communist Party of Spain,Left-wing,LEFT,Somewhat in favour of EU integration
ESP,José Luis Escrivá,"Minister of Inclusion, Social Security and Migration",Independent,NI,NI,NI,NI,NI,NI
ESP,Manuel Castells,Minister of Universities,Independent,NI,NI,NI,NI,NI,NI
ESP,Miquel Iceta,Minister of Territorial Policy and Civil Service,PSC–PSOE,Partido de los Socialistas de Cataluña,PSC-PSOE,Socialists’ Party of Catalonia,Centre-left,S&D,Strongly in favour of EU integration
ESP,Carolina Darias,Minister of Health,PSOE,Partido Socialista Obrero Español,PSOE,Spanish Socialist Workers’ Party,Centre-left,S&D,Strongly in favour of EU integration
ESP,Nadia Calviño,Second Deputy Prime MinisterMinister of Economic Affairs and Digital Transformation,Independent,NI,NI,NI,NI,NI,NI
ESP,Yolanda Díaz,Third Deputy Prime MinisterMinister of Labour and Social Economy,PCE,Partido Comunista de España,PCE,Communist Party of Spain,Left-wing,LEFT,Somewhat in favour of EU integration
ESP,Ione Belarra,Minister of Social Rights and 2030 Agenda,Podemos,Podemos,NA,We Can,Left-wing,"LEFT(LEFT, NTP)",Somewhat in favour of EU integration
FIN,Sanna Marin,Prime Minister,Social Democratic Party,Suomen Sosialidemokraattinen Puolue,SDP,Social Democratic Party of Finland,Centre-left,S&D,In favour of EU integration
FIN,Annika Saarikko,Minister of Science and Culture,Centre Party of Finland,Suomen Keskusta,Kesk,Centre Party of Finland,"Centrist, Agrarian",RE,Somewhat in favour of EU integration
FIN,Tytti Tuppurainen,Minister for European Affairs and Ownership Steering,Social Democratic Party,Suomen Sosialidemokraattinen Puolue,SDP,Social Democratic Party of Finland,Centre-left,S&D,In favour of EU integration
FIN,Pekka Haavisto,Minister for Foreign Affairs,The Greens in Finland,Vihreä Liitto,Vihr,Green League,"Centre-left, Green",Greens/EFA,Strongly in favour of EU integration
FIN,Ville Skinnari,Minister for Development Cooperation and Foreign Trade,Social Democratic Party,Suomen Sosialidemokraattinen Puolue,SDP,Social Democratic Party of Finland,Centre-left,S&D,In favour of EU integration
FIN,Anna-Maja Henriksson,Minister of Justice,Swedish People's Party,Svenska folkpartiet i Finland,SFP,Swedish People’s Party of Finland,Liberal,RE,In favour of EU integration
FIN,Thomas Blomqvist,Minister for Nordic Cooperation and Equality,Swedish People's Party,Svenska folkpartiet i Finland,SFP,Swedish People’s Party of Finland,Liberal,RE,In favour of EU integration
FIN,Maria Ohisalo,Minister of the Interior,The Greens in Finland,Vihreä Liitto,Vihr,Green League,"Centre-left, Green",Greens/EFA,Strongly in favour of EU integration
FIN,Antti Kaikkonen,Minister of Defence,Centre Party of Finland,Suomen Keskusta,Kesk,Centre Party of Finland,"Centrist, Agrarian",RE,Somewhat in favour of EU integration
FIN,Matti Vanhanen,Minister of Finance,Centre Party of Finland,Suomen Keskusta,Kesk,Centre Party of Finland,"Centrist, Agrarian",RE,Somewhat in favour of EU integration
FIN,Sirpa Paatero,Minister of Local Government,Social Democratic Party,Suomen Sosialidemokraattinen Puolue,SDP,Social Democratic Party of Finland,Centre-left,S&D,In favour of EU integration
FIN,Jussi Saramo,Minister of Education,Left Alliance,Vasemmistoliitto,Vas,Left Alliance,Left-wing,LEFT,Somewhat in favour of EU integration
FIN,Jari Leppä,Minister of Agriculture and Forestry,Centre Party of Finland,Suomen Keskusta,Kesk,Centre Party of Finland,"Centrist, Agrarian",RE,Somewhat in favour of EU integration
FIN,Timo Harakka,Minister of Transport and Communications,Social Democratic Party,Suomen Sosialidemokraattinen Puolue,SDP,Social Democratic Party of Finland,Centre-left,S&D,In favour of EU integration
FIN,Tuula Haatainen,Minister of Employment,Social Democratic Party,Suomen Sosialidemokraattinen Puolue,SDP,Social Democratic Party of Finland,Centre-left,S&D,In favour of EU integration
FIN,Mika Lintilä,Minister of Economic Affairs,Centre Party of Finland,Suomen Keskusta,Kesk,Centre Party of Finland,"Centrist, Agrarian",RE,Somewhat in favour of EU integration
FIN,Aino-Kaisa Pekonen,Minister of Social Affairs and Health,Left Alliance,Vasemmistoliitto,Vas,Left Alliance,Left-wing,LEFT,Somewhat in favour of EU integration
FIN,Krista Kiuru,Minister of Family Affairs and Social Services,Social Democratic Party,Suomen Sosialidemokraattinen Puolue,SDP,Social Democratic Party of Finland,Centre-left,S&D,In favour of EU integration
FIN,Krista Mikkonen,Minister of the Environment and Climate Change,The Greens in Finland,Vihreä Liitto,Vihr,Green League,"Centre-left, Green",Greens/EFA,Strongly in favour of EU integration
FRA,Jean Castex,Prime Minister,LREM,La République En Marche,LREM,The Republic on the Move!,Liberal,RE,Strongly in favour of EU integration
FRA,Jean-Yves Le Drian,Minister of Europe and Foreign Affairs,Independent,NI,NI,NI,NI,NI,NI
FRA,Jean-Michel Blanquer,"Minister of National Education, Youth and Sports",LREM,La République En Marche,LREM,The Republic on the Move!,Liberal,RE,Strongly in favour of EU integration
FRA,Bruno Le Maire,"Minister of the Economy, Finance and Recovery",LREM,La République En Marche,LREM,The Republic on the Move!,Liberal,RE,Strongly in favour of EU integration
FRA,Florence Parly,Minister of the Armed Forces,Independent,NI,NI,NI,NI,NI,NI
FRA,Gérald Darmanin,Minister of the Interior,LREM,La République En Marche,LREM,The Republic on the Move!,Liberal,RE,Strongly in favour of EU integration
FRA,Élisabeth Borne,"Minister of Labour, Employment and Integration",LREM,La République En Marche,LREM,The Republic on the Move!,Liberal,RE,Strongly in favour of EU integration
FRA,Barbara Pompili,Minister of the Ecological Transition,LREM,La République En Marche,LREM,The Republic on the Move!,Liberal,RE,Strongly in favour of EU integration
FRA,Jacqueline Gourault,Minister of Territorial Cohesion and Relations with Local Authorities,MoDem,Mouvement Democrate,MoDem,Democratic Movement,Liberal,RE,Strongly in favour of EU integration
FRA,Éric Dupond-Moretti,"Keeper of the Seals, Minister of Justice",Independent,NI,NI,NI,NI,NI,NI
FRA,Roselyne Bachelot,Minister of Culture,DVD,NA,NA,NA,NA,NA,NA
FRA,Sébastien Lecornu,Minister of the Overseas,LREM,La République En Marche,LREM,The Republic on the Move!,Liberal,RE,Strongly in favour of EU integration
FRA,Olivier Véran,Minister of Solidarity and Health,LREM,La République En Marche,LREM,The Republic on the Move!,Liberal,RE,Strongly in favour of EU integration
FRA,Annick Girardin,Minister of the Sea,MR,Mouvement radical (social libéral),MR,Democratic Radical Movement,Liberal,RE,Strongly in favour of EU integration
FRA,Frédérique Vidal,"Minister of Higher Education, Research and Innovation",LREM,La République En Marche,LREM,The Republic on the Move!,Liberal,RE,Strongly in favour of EU integration
FRA,Julien Denormandie,Minister of Agriculture and Food,LREM,La République En Marche,LREM,The Republic on the Move!,Liberal,RE,Strongly in favour of EU integration
FRA,Amélie de Montchalin,Minister of Public Transformation and Service,LREM,La République En Marche,LREM,The Republic on the Move!,Liberal,RE,Strongly in favour of EU integration
FRA,Marc Fesneau,Minister for Relations with Parliament and Citizen Participation,MoDem,Mouvement Democrate,MoDem,Democratic Movement,Liberal,RE,Strongly in favour of EU integration
FRA,Élisabeth Moreno,"Minister for Gender Equality, Diversity and Equal Opportunities",Independent,NI,NI,NI,NI,NI,NI
FRA,Franck Riester,Minister for Foreign Trade and Attractiveness,Agir,"Agir, la droite constructive",Agir,"Act, the Constructive Right",Liberal,RE,In favour of EU integration
FRA,Emmanuelle Wargon,Minister for Housing,Independent,NI,NI,NI,NI,NI,NI
FRA,Jean-Baptiste Djebbari,Minister for Transport,LREM,La République En Marche,LREM,The Republic on the Move!,Liberal,RE,Strongly in favour of EU integration
FRA,Olivier Dussopt,Minister for Public Accounts,Independent,NI,NI,NI,NI,NI,NI
FRA,Agnès Pannier-Runacher,Minister for Industry,LREM,La République En Marche,LREM,The Republic on the Move!,Liberal,RE,Strongly in favour of EU integration
FRA,Alain Griset,Minister for Small and Medium-Sized Enterprises,Independent,NI,NI,NI,NI,NI,NI
FRA,Roxana Maracineanu,Minister for Sports,DVG,NA,NA,NA,NA,NA,NA
FRA,Geneviève Darrieussecq,Minister for Memory and Veterans Affairs,MoDem,Mouvement Democrate,MoDem,Democratic Movement,Liberal,RE,Strongly in favour of EU integration
FRA,Marlène Schiappa,Minister for Citizenship,LREM,La République En Marche,LREM,The Republic on the Move!,Liberal,RE,Strongly in favour of EU integration
FRA,Brigitte Klinkert,Minister for Integration,DVD,NA,NA,NA,NA,NA,NA
FRA,Nadia Hai,Minister for the City,LREM,La République En Marche,LREM,The Republic on the Move!,Liberal,RE,Strongly in favour of EU integration
FRA,Brigitte Bourguignon,Minister for Autonomy,LREM,La République En Marche,LREM,The Republic on the Move!,Liberal,RE,Strongly in favour of EU integration
FRA,Gabriel Attal,Government Spokesman,LREM,La République En Marche,LREM,The Republic on the Move!,Liberal,RE,Strongly in favour of EU integration
FRA,Sophie Cluzel,State Secretary for Disabled Persons,LREM,La République En Marche,LREM,The Republic on the Move!,Liberal,RE,Strongly in favour of EU integration
FRA,Jean-Baptiste Lemoyne,"State Secretary for Tourism, the French Abroad and the Francophonie",LREM,La République En Marche,LREM,The Republic on the Move!,Liberal,RE,Strongly in favour of EU integration
FRA,Clément Beaune,State Secretary for European Affairs,LREM,La République En Marche,LREM,The Republic on the Move!,Liberal,RE,Strongly in favour of EU integration
FRA,Bérangère Abba,State Secretary for Biodiversity,LREM,La République En Marche,LREM,The Republic on the Move!,Liberal,RE,Strongly in favour of EU integration
FRA,Nathalie Elimas,State Secretary for Priority Education,MoDem,Mouvement Democrate,MoDem,Democratic Movement,Liberal,RE,Strongly in favour of EU integration
FRA,Sarah El Haïry,State Secretary for Youth and Commitment,MoDem,Mouvement Democrate,MoDem,Democratic Movement,Liberal,RE,Strongly in favour of EU integration
FRA,Cédric O,State Secretary for Digital Transition and Electronic Communications,LREM,La République En Marche,LREM,The Republic on the Move!,Liberal,RE,Strongly in favour of EU integration
FRA,Olivia Grégoire,"State Secretary for the Social, Inclusive and Responsible Economy",LREM,La République En Marche,LREM,The Republic on the Move!,Liberal,RE,Strongly in favour of EU integration
FRA,Laurent Pietraszewski,State Secretary for Pensions and Occupational Health,LREM,La République En Marche,LREM,The Republic on the Move!,Liberal,RE,Strongly in favour of EU integration
FRA,Joël Giraud,State Secretary for Rurality,LREM,La République En Marche,LREM,The Republic on the Move!,Liberal,RE,Strongly in favour of EU integration
FRA,Adrien Taquet,State Secretary for Children and Families,LREM,La République En Marche,LREM,The Republic on the Move!,Liberal,RE,Strongly in favour of EU integration
GRC,Christos Staikouras,Minister for Finance,New Democracy,Néa Dimokratía,ND,New Democracy,Centre-right,EPP,Strongly in favour of EU integration
GRC,Theodoros Skylakakis,Alternate Minister for Fiscal Policy,New Democracy,Néa Dimokratía,ND,New Democracy,Centre-right,EPP,Strongly in favour of EU integration
GRC,Apostolos Vesyropoulos [el],Deputy Minister for Tax Policy and Public Property,New Democracy,Néa Dimokratía,ND,New Democracy,Centre-right,EPP,Strongly in favour of EU integration
GRC,Georgios Zavvos [el],Deputy Minister for the Financial System,New Democracy,Néa Dimokratía,ND,New Democracy,Centre-right,EPP,Strongly in favour of EU integration
GRC,Adonis Georgiadis,Minister for Development and Investment,New Democracy,Néa Dimokratía,ND,New Democracy,Centre-right,EPP,Strongly in favour of EU integration
GRC,Nikos Papathanasis [el],Alternate Minister for Private Investment,New Democracy,Néa Dimokratía,ND,New Democracy,Centre-right,EPP,Strongly in favour of EU integration
GRC,Giannis Tsakiris [el],Deputy Minister for Public Investment and the Partnership Agreement for the Development Framework,Independent,NI,NI,NI,NI,NI,NI
GRC,Christos Dimas [el],Deputy Minister for Research and Technology,New Democracy,Néa Dimokratía,ND,New Democracy,Centre-right,EPP,Strongly in favour of EU integration
GRC,Nikos Dendias,Minister for Foreign Affairs,New Democracy,Néa Dimokratía,ND,New Democracy,Centre-right,EPP,Strongly in favour of EU integration
GRC,Miltiadis Varvitsiotis [el],Alternate Minister for European Affairs,New Democracy,Néa Dimokratía,ND,New Democracy,Centre-right,EPP,Strongly in favour of EU integration
GRC,Kostas Frangogiannis [el],Deputy Minister for Economic Diplomacy and Extroversion,Independent,NI,NI,NI,NI,NI,NI
GRC,Kostas Vlasis [el],Deputy Minister for Greeks Abroad,New Democracy,Néa Dimokratía,ND,New Democracy,Centre-right,EPP,Strongly in favour of EU integration
GRC,Michalis Chrisochoidis,Minister for Citizen Protection,Independent,NI,NI,NI,NI,NI,NI
GRC,Eleftherios Oikonomou,Deputy Minister for Anti-Crime Policy,Independent,NI,NI,NI,NI,NI,NI
GRC,Nikos Hardalias [el],Deputy Minister for Civil Protection and Crisis Management,New Democracy,Néa Dimokratía,ND,New Democracy,Centre-right,EPP,Strongly in favour of EU integration
GRC,Nikolaos Panagiotopoulos,Minister for National Defence,New Democracy,Néa Dimokratía,ND,New Democracy,Centre-right,EPP,Strongly in favour of EU integration
GRC,Alkiviadis Stefanis,Deputy Minister,Independent,NI,NI,NI,NI,NI,NI
GRC,Niki Kerameus,Minister for Education and Religious Affairs,New Democracy,Néa Dimokratía,ND,New Democracy,Centre-right,EPP,Strongly in favour of EU integration
GRC,Zetta Makri [el],"Deputy Minister for Primary, Secondary and Special Education",New Democracy,Néa Dimokratía,ND,New Democracy,Centre-right,EPP,Strongly in favour of EU integration
GRC,Angelos Syrigos [el],Deputy Minister for Higher Education,New Democracy,Néa Dimokratía,ND,New Democracy,Centre-right,EPP,Strongly in favour of EU integration
GRC,Kostis Hatzidakis,Minister for Labour and Social Affairs,New Democracy,Néa Dimokratía,ND,New Democracy,Centre-right,EPP,Strongly in favour of EU integration
GRC,Panagiotis Tsakloglou [el],Deputy Minister for Social Security,Independent,NI,NI,NI,NI,NI,NI
GRC,Domna Michailidou,Deputy Minister for Welfare and Social Solidarity,New Democracy,Néa Dimokratía,ND,New Democracy,Centre-right,EPP,Strongly in favour of EU integration
GRC,Maria Syrengela [el],Deputy Minister for Demographic Policy and the Family,New Democracy,Néa Dimokratía,ND,New Democracy,Centre-right,EPP,Strongly in favour of EU integration
GRC,Vasilis Kikilias,Minister for Health,New Democracy,Néa Dimokratía,ND,New Democracy,Centre-right,EPP,Strongly in favour of EU integration
GRC,Vasilis Kontozamanis [el],Alternate Minister for Health Services,New Democracy,Néa Dimokratía,ND,New Democracy,Centre-right,EPP,Strongly in favour of EU integration
GRC,Zoi Rapti,Deputy Minister for Mental Health,New Democracy,Néa Dimokratía,ND,New Democracy,Centre-right,EPP,Strongly in favour of EU integration
GRC,Kostas Skrekas,Minister for the Environment and Energy,New Democracy,Néa Dimokratía,ND,New Democracy,Centre-right,EPP,Strongly in favour of EU integration
GRC,Giorgos Amyras [el],Deputy Minister for Environmental Protection,New Democracy,Néa Dimokratía,ND,New Democracy,Centre-right,EPP,Strongly in favour of EU integration
GRC,Nikos Tagaras [el],Deputy Minister for Spatial Planning and the Urban Environment,New Democracy,Néa Dimokratía,ND,New Democracy,Centre-right,EPP,Strongly in favour of EU integration
GRC,Lina Mendoni,Minister for Culture and Sports,Independent,NI,NI,NI,NI,NI,NI
GRC,Nikolas Giatromanolakis [el],Deputy Minister for Modern Culture,Independent,NI,NI,NI,NI,NI,NI
GRC,Lefteris Avgenakis [el],Deputy Minister for Sports,New Democracy,Néa Dimokratía,ND,New Democracy,Centre-right,EPP,Strongly in favour of EU integration
GRC,Kostas Tsiaras,Minister for Justice,New Democracy,Néa Dimokratía,ND,New Democracy,Centre-right,EPP,Strongly in favour of EU integration
GRC,Giorgos Kotsiras [el],Deputy Minister for International Cooperation and Human Rights,New Democracy,Néa Dimokratía,ND,New Democracy,Centre-right,EPP,Strongly in favour of EU integration
GRC,Makis Voridis,Minister for the Interior,New Democracy,Néa Dimokratía,ND,New Democracy,Centre-right,EPP,Strongly in favour of EU integration
GRC,Stelios Petsas [el],Alternate Minister for Local Government,New Democracy,Néa Dimokratía,ND,New Democracy,Centre-right,EPP,Strongly in favour of EU integration
GRC,Stavros Kalafatis [el],Deputy Minister for Macedonia and Thrace,New Democracy,Néa Dimokratía,ND,New Democracy,Centre-right,EPP,Strongly in favour of EU integration
GRC,Kyriakos Pierrakakis,Minister for Digital Governance,Independent,NI,NI,NI,NI,NI,NI
GRC,Georgios Georgantas [el],Deputy Minister for Process Simplification,New Democracy,Néa Dimokratía,ND,New Democracy,Centre-right,EPP,Strongly in favour of EU integration
GRC,Giorgos Stylios [el],Deputy Minister for Special Digital Projects and the Land Registry,New Democracy,Néa Dimokratía,ND,New Democracy,Centre-right,EPP,Strongly in favour of EU integration
GRC,Kostas Karamanlis [el],Minister for Infrastructure and Transport,New Democracy,Néa Dimokratía,ND,New Democracy,Centre-right,EPP,Strongly in favour of EU integration
GRC,Giannis Kefalogiannis,Deputy Minister for Transport,New Democracy,Néa Dimokratía,ND,New Democracy,Centre-right,EPP,Strongly in favour of EU integration
GRC,Ioannis Plakiotakis,Minister for Shipping and Island Policy,New Democracy,Néa Dimokratía,ND,New Democracy,Centre-right,EPP,Strongly in favour of EU integration
GRC,Kostas Katsafados [el],Deputy Minister for the Shipping Industry,New Democracy,Néa Dimokratía,ND,New Democracy,Centre-right,EPP,Strongly in favour of EU integration
GRC,Spilios Livanos,Minister for Rural Development and Food,New Democracy,Néa Dimokratía,ND,New Democracy,Centre-right,EPP,Strongly in favour of EU integration
GRC,Giannis Oikonomou [el],Deputy Minister for the Common Agricultural Policy,New Democracy,Néa Dimokratía,ND,New Democracy,Centre-right,EPP,Strongly in favour of EU integration
GRC,Fotini Arampatzi [el],Deputy Minister for Fisheries Policy,New Democracy,Néa Dimokratía,ND,New Democracy,Centre-right,EPP,Strongly in favour of EU integration
GRC,Harry Theoharis,Minister for Tourism,New Democracy,Néa Dimokratía,ND,New Democracy,Centre-right,EPP,Strongly in favour of EU integration
GRC,Sofia Zacharaki [el],Deputy Minister for Tourism Education and Special Forms of Tourism,New Democracy,Néa Dimokratía,ND,New Democracy,Centre-right,EPP,Strongly in favour of EU integration
GRC,Notis Mitarachi,Minister for Immigration and Asylum,New Democracy,Néa Dimokratía,ND,New Democracy,Centre-right,EPP,Strongly in favour of EU integration
GRC,Sofia Voultepsi,Deputy Minister for Integration,New Democracy,Néa Dimokratía,ND,New Democracy,Centre-right,EPP,Strongly in favour of EU integration
HRV,Andrej Plenković,Prime Minister,HDZ,Hrvatska Demokratska Zajednica,HDZ,Croatian Democratic Union,Centre-right,EPP,Strongly in favour of EU integration
HRV,Tomo Medved,Croatian Veterans,HDZ,Hrvatska Demokratska Zajednica,HDZ,Croatian Democratic Union,Centre-right,EPP,Strongly in favour of EU integration
HRV,Davor Božinović,Interior,HDZ,Hrvatska Demokratska Zajednica,HDZ,Croatian Democratic Union,Centre-right,EPP,Strongly in favour of EU integration
HRV,Zdravko Marić,Finance,Ind.(HDZ),NA,NA,NA,NA,NA,NA
HRV,Boris Milošević,Minister without portfolio responsibility for Social Affairs and Human and Minority Rights,SDSS,Samostalna demokratska srpska stranka,SDSS,Independent Democratic Serb Party,"Designated party for the Serb minority, centre-left",~S&D,In favour of EU integration
HRV,Marija Vučković,Agriculture,HDZ,Hrvatska Demokratska Zajednica,HDZ,Croatian Democratic Union,Centre-right,EPP,Strongly in favour of EU integration
HRV,Darko Horvat,"Construction, Spatial Planning and State Property",HDZ,Hrvatska Demokratska Zajednica,HDZ,Croatian Democratic Union,Centre-right,EPP,Strongly in favour of EU integration
HRV,Nina Obuljen Koržinek,Culture and Media,HDZ,Hrvatska Demokratska Zajednica,HDZ,Croatian Democratic Union,Centre-right,EPP,Strongly in favour of EU integration
HRV,Mario Banožić,Defence,HDZ,Hrvatska Demokratska Zajednica,HDZ,Croatian Democratic Union,Centre-right,EPP,Strongly in favour of EU integration
HRV,Tomislav Ćorić,Economy and Sustainable Development,HDZ,Hrvatska Demokratska Zajednica,HDZ,Croatian Democratic Union,Centre-right,EPP,Strongly in favour of EU integration
HRV,Gordan Grlić-Radman,Foreign and European Affairs,HDZ,Hrvatska Demokratska Zajednica,HDZ,Croatian Democratic Union,Centre-right,EPP,Strongly in favour of EU integration
HRV,Vili Beroš,Health,HDZ,Hrvatska Demokratska Zajednica,HDZ,Croatian Democratic Union,Centre-right,EPP,Strongly in favour of EU integration
HRV,Ivan Malenica,Justice and Public Administration,HDZ,Hrvatska Demokratska Zajednica,HDZ,Croatian Democratic Union,Centre-right,EPP,Strongly in favour of EU integration
HRV,Josip Aladrović,"Labour and Pension System, Family and Social Policy",HDZ,Hrvatska Demokratska Zajednica,HDZ,Croatian Democratic Union,Centre-right,EPP,Strongly in favour of EU integration
HRV,Oleg Butković,"Maritime Affairs, Transport and Infrastructure",HDZ,Hrvatska Demokratska Zajednica,HDZ,Croatian Democratic Union,Centre-right,EPP,Strongly in favour of EU integration
HRV,Nataša Tramišak,Regional Development and EU Funds,HDZ,Hrvatska Demokratska Zajednica,HDZ,Croatian Democratic Union,Centre-right,EPP,Strongly in favour of EU integration
HRV,Radovan Fuchs,Science and Education,HDZ,Hrvatska Demokratska Zajednica,HDZ,Croatian Democratic Union,Centre-right,EPP,Strongly in favour of EU integration
HRV,Nikolina Brnjac,Tourism and Sports,HDZ,Hrvatska Demokratska Zajednica,HDZ,Croatian Democratic Union,Centre-right,EPP,Strongly in favour of EU integration
HUN,Viktor Orbán,Prime Minister,Fidesz,Fidesz – Magyar Polgári Szövetség,Fidesz,Fidesz – Hungarian Civic Union,Right-wing,NI,Somewhat opposed to EU integration
HUN,Zsolt Semjén,"Deputy Prime MinisterMinister without portfoliofor National Politics, Church Affairs and Nationalities",KDNP,Kereszténydemokrata Néppárt,KDNP,Christian Democratic People’s Party,Right-wing,EPP,Somewhat opposed to EU integration
HUN,Mihály Varga,Deputy Prime MinisterMinister of Finance,Fidesz,Fidesz – Magyar Polgári Szövetség,Fidesz,Fidesz – Hungarian Civic Union,Right-wing,NI,Somewhat opposed to EU integration
HUN,Sándor Pintér,Deputy Prime MinisterMinister of Interior,Independent,NI,NI,NI,NI,NI,NI
HUN,Gergely Gulyás,Minister of the Prime Minister’s Office,Fidesz,Fidesz – Magyar Polgári Szövetség,Fidesz,Fidesz – Hungarian Civic Union,Right-wing,NI,Somewhat opposed to EU integration
HUN,Antal Rogán,Minister of the Prime Minister’s Cabinet Office,Fidesz,Fidesz – Magyar Polgári Szövetség,Fidesz,Fidesz – Hungarian Civic Union,Right-wing,NI,Somewhat opposed to EU integration
HUN,Péter Szijjártó,Minister of Foreign Affairs and Trade,Fidesz,Fidesz – Magyar Polgári Szövetség,Fidesz,Fidesz – Hungarian Civic Union,Right-wing,NI,Somewhat opposed to EU integration
HUN,László Trócsányi,Minister of Justice,Independent,NI,NI,NI,NI,NI,NI
HUN,Judit Varga,Minister of Justice,Fidesz,Fidesz – Magyar Polgári Szövetség,Fidesz,Fidesz – Hungarian Civic Union,Right-wing,NI,Somewhat opposed to EU integration
HUN,Miklós Kásler,Minister of Human Resources,Independent,NI,NI,NI,NI,NI,NI
HUN,László Palkovics,Minister of National Innovation and Technology,Independent,NI,NI,NI,NI,NI,NI
HUN,István Nagy,Minister of Agriculture,Fidesz,Fidesz – Magyar Polgári Szövetség,Fidesz,Fidesz – Hungarian Civic Union,Right-wing,NI,Somewhat opposed to EU integration
HUN,Tibor Benkő,Minister of Defence,Independent,NI,NI,NI,NI,NI,NI
HUN,János Süli,"Minister without Portfoliofor the planning, construction and commissioning of the two new blocks at Paks Nuclear Power Plant",KDNP,Kereszténydemokrata Néppárt,KDNP,Christian Democratic People’s Party,Right-wing,EPP,Somewhat opposed to EU integration
HUN,Andrea Bártfai-Mager,Minister without Portfoliofor managing national wealth,Independent,NI,NI,NI,NI,NI,NI
HUN,Katalin Novák,Minister without Portfoliofor family affairs,Fidesz,Fidesz – Magyar Polgári Szövetség,Fidesz,Fidesz – Hungarian Civic Union,Right-wing,NI,Somewhat opposed to EU integration
IRL,Micheál Martin,Taoiseach,Fianna Fáil,Fianna Fáil,FF,Soldiers of Destiny – The Republican Party,Centre-right,RE,In favour of EU integration
IRL,Leo Varadkar,"TánaisteMinister for Enterprise, Trade and Employment",Fine Gael,Fine Gael,FG,Family of the Irish,Centre-right,EPP,In favour of EU integration
IRL,Paschal Donohoe,Minister for Finance,Fine Gael,Fine Gael,FG,Family of the Irish,Centre-right,EPP,In favour of EU integration
IRL,Helen McEntee,Minister for Justice,Fine Gael,Fine Gael,FG,Family of the Irish,Centre-right,EPP,In favour of EU integration
IRL,Simon Coveney,Minister for Foreign AffairsMinister for Defence,Fine Gael,Fine Gael,FG,Family of the Irish,Centre-right,EPP,In favour of EU integration
IRL,Stephen Donnelly,Minister for Health,Fianna Fáil,Fianna Fáil,FF,Soldiers of Destiny – The Republican Party,Centre-right,RE,In favour of EU integration
IRL,Norma Foley,Minister for Education,Fianna Fáil,Fianna Fáil,FF,Soldiers of Destiny – The Republican Party,Centre-right,RE,In favour of EU integration
IRL,Michael McGrath,Minister for Public Expenditure and Reform,Fianna Fáil,Fianna Fáil,FF,Soldiers of Destiny – The Republican Party,Centre-right,RE,In favour of EU integration
IRL,Darragh O'Brien,"Minister for Housing, Local Government and Heritage",Fianna Fáil,Fianna Fáil,FF,Soldiers of Destiny – The Republican Party,Centre-right,RE,In favour of EU integration
IRL,Charlie McConalogue,"Minister for Agriculture, Food and the Marine",Fianna Fáil,Fianna Fáil,FF,Soldiers of Destiny – The Republican Party,Centre-right,RE,In favour of EU integration
IRL,Heather Humphreys,Minister for Social ProtectionMinister for Rural and Community Development,Fine Gael,Fine Gael,FG,Family of the Irish,Centre-right,EPP,In favour of EU integration
IRL,Simon Harris,"Minister for Further and Higher Education, Research, Innovation and Science",Fine Gael,Fine Gael,FG,Family of the Irish,Centre-right,EPP,In favour of EU integration
IRL,Eamon Ryan,"Minister for the Environment, Climate and CommunicationsMinister for Transport",Green Party,Green Party,GP,Comhaontas Glas,"Centre-left, Green politics",Greens/EFA,In favour of EU integration
IRL,Catherine Martin,"Minister for Tourism, Culture, Arts, Gaeltacht, Sport and Media",Green Party,Green Party,GP,Comhaontas Glas,"Centre-left, Green politics",Greens/EFA,In favour of EU integration
IRL,Roderic O'Gorman,"Minister for Children, Equality, Disability, Integration and Youth",Green Party,Green Party,GP,Comhaontas Glas,"Centre-left, Green politics",Greens/EFA,In favour of EU integration
IRL,Jack Chambers,Government Chief WhipMinister of State for Gaeltacht and SportMinister of State at the Department of Defence,Fianna Fáil,Fianna Fáil,FF,Soldiers of Destiny – The Republican Party,Centre-right,RE,In favour of EU integration
IRL,Pippa Hackett,Minister of State for Land Use and Biodiversity,Green,Green Party,GP,Comhaontas Glas,"Centre-left, Green politics",Greens/EFA,In favour of EU integration
IRL,Hildegarde Naughton,Minister of State for International and Road Transport and Logistics,Fine Gael,Fine Gael,FG,Family of the Irish,Centre-right,EPP,In favour of EU integration
ITA,Mario Draghi,Prime Minister,Independent,NI,NI,NI,NI,NI,NI
ITA,Luigi Di Maio,Minister of Foreign Affairs,Five Star Movement,Movimento 5 Stelle,M5S,Five Star Movement,Diverse,NI,Somewhat opposed to EU integration
ITA,Luciana Lamorgese,Minister of the Interior,Independent,NI,NI,NI,NI,NI,NI
ITA,Marta Cartabia,Minister of Justice,Independent,NI,NI,NI,NI,NI,NI
ITA,Lorenzo Guerini,Minister of Defence,Democratic Party,Partito Democratico,PD,Democratic Party,Centre-left,S&D,Strongly in favour of EU integration
ITA,Daniele Franco,Minister of Economy and Finance,Independent,NI,NI,NI,NI,NI,NI
ITA,Giancarlo Giorgetti,Minister of Economic Development,League,Lega,LEGA,League,Right-wing,ID,Opposed to EU integration
ITA,Stefano Patuanelli,"Minister of Agricultural, Food and Forestry Policies",Five Star Movement,Movimento 5 Stelle,M5S,Five Star Movement,Diverse,NI,Somewhat opposed to EU integration
ITA,Roberto Cingolani,Minister of the Environmentalso Minister for the Ecological Transition,Independent,NI,NI,NI,NI,NI,NI
ITA,Enrico Giovannini,Minister of Infrastructure and Transport,Independent,NI,NI,NI,NI,NI,NI
ITA,Andrea Orlando,Minister of Labour and Social Policies,Democratic Party,Partito Democratico,PD,Democratic Party,Centre-left,S&D,Strongly in favour of EU integration
ITA,Patrizio Bianchi,Minister of Public Education,Independent,NI,NI,NI,NI,NI,NI
ITA,Maria Cristina Messa,Minister of University and Research,Independent,NI,NI,NI,NI,NI,NI
ITA,Dario Franceschini,Minister of Culture,Democratic Party,Partito Democratico,PD,Democratic Party,Centre-left,S&D,Strongly in favour of EU integration
ITA,Roberto Speranza,Minister of Health,Article One,Articolo Uno,Art. 1,Article One,Centre-left,~S&D,In favour of EU integration
ITA,Federico D'Incà,Minister for Parliamentary Relations(without portfolio),Five Star Movement,Movimento 5 Stelle,M5S,Five Star Movement,Diverse,NI,Somewhat opposed to EU integration
ITA,Renato Brunetta,Minister of Public Administration(without portfolio),Forza Italia,Forza Italia,FI,Go Italy,Centre-right,EPP,Somewhat in favour of EU integration
ITA,Mariastella Gelmini,Minister of Regional Affairs and Autonomies(without portfolio),Forza Italia,Forza Italia,FI,Go Italy,Centre-right,EPP,Somewhat in favour of EU integration
ITA,Mara Carfagna,Minister for the South and Territorial Cohesion(without portfolio),Forza Italia,Forza Italia,FI,Go Italy,Centre-right,EPP,Somewhat in favour of EU integration
ITA,Elena Bonetti,Minister for Family and Equal Opportunities(without portfolio),Italia Viva,Italia Viva,IV,Italy Alive,Liberal,RE,Strongly in favour of EU integration
ITA,Fabiana Dadone,Minister for Youth Policies(without portfolio),Five Star Movement,Movimento 5 Stelle,M5S,Five Star Movement,Diverse,NI,Somewhat opposed to EU integration
ITA,Vittorio Colao,Minister for Technological Innovation and Digital Transition(without portfolio),Independent,NI,NI,NI,NI,NI,NI
ITA,Massimo Garavaglia,Minister of Tourism(without portfolio),League,Lega,LEGA,League,Right-wing,ID,Opposed to EU integration
ITA,Erika Stefani,Minister for Disabilities(without portfolio),League,Lega,LEGA,League,Right-wing,ID,Opposed to EU integration
LTU,Ingrida Šimonytė,Prime Minister,Independent (delegated by Homeland Union),NI,NI,NI,NI,NI,NI
LTU,Kęstutis Navickas,Minister for Agriculture,Homeland Union,Tėvynės sąjunga – Lietuvos krikščionys demokratai,TS-LKD,Homeland Union – Lithuanian Christian Democrats,Centre-right,EPP,Strongly in favour of EU integration
LTU,Simonas Kairys,Minister for Culture,Liberal Movement,Lietuvos Respublikos liberalų sąjūdis,LRLS,Liberal Movement of the Republic of Lithuania,"Centre-right, Liberal",RE,Strongly in favour of EU integration
LTU,Aušrinė Armonaitė,Minister for Economy and Innovation,Freedom Party,Laisvės partija,LP,Freedom Party,"Centrist, Liberal",RE,In favour of EU integration
LTU,Jurgita Šiugždinienė,"Minister for Education, Science and Sports",Homeland Union,Tėvynės sąjunga – Lietuvos krikščionys demokratai,TS-LKD,Homeland Union – Lithuanian Christian Democrats,Centre-right,EPP,Strongly in favour of EU integration
LTU,Dainius Kreivys,Minister for Energy,Homeland Union,Tėvynės sąjunga – Lietuvos krikščionys demokratai,TS-LKD,Homeland Union – Lithuanian Christian Democrats,Centre-right,EPP,Strongly in favour of EU integration
LTU,Simonas Gentvilas,Minister for Environment,Liberal Movement,Lietuvos Respublikos liberalų sąjūdis,LRLS,Liberal Movement of the Republic of Lithuania,"Centre-right, Liberal",RE,Strongly in favour of EU integration
LTU,Gintarė Skaistė,Minister for Finance,Homeland Union,Tėvynės sąjunga – Lietuvos krikščionys demokratai,TS-LKD,Homeland Union – Lithuanian Christian Democrats,Centre-right,EPP,Strongly in favour of EU integration
LTU,Gabrielius Landsbergis,Minister for Foreign Affairs,Homeland Union,Tėvynės sąjunga – Lietuvos krikščionys demokratai,TS-LKD,Homeland Union – Lithuanian Christian Democrats,Centre-right,EPP,Strongly in favour of EU integration
LTU,Arūnas Dulkys,Minister for Health,Independent (delegated by Homeland Union),NI,NI,NI,NI,NI,NI
LTU,Agnė Bilotaitė,Minister for Interior,Homeland Union,Tėvynės sąjunga – Lietuvos krikščionys demokratai,TS-LKD,Homeland Union – Lithuanian Christian Democrats,Centre-right,EPP,Strongly in favour of EU integration
LTU,Evelina Dobrovolska,Minister for Justice,Freedom Party,Laisvės partija,LP,Freedom Party,"Centrist, Liberal",RE,In favour of EU integration
LTU,Arvydas Anušauskas,Minister for National Defence,Homeland Union,Tėvynės sąjunga – Lietuvos krikščionys demokratai,TS-LKD,Homeland Union – Lithuanian Christian Democrats,Centre-right,EPP,Strongly in favour of EU integration
LTU,Monika Navickienė,Minister for Social Security and Labour,Homeland Union,Tėvynės sąjunga – Lietuvos krikščionys demokratai,TS-LKD,Homeland Union – Lithuanian Christian Democrats,Centre-right,EPP,Strongly in favour of EU integration
LTU,Marius Skuodis,Minister for Transport and Communications,Independent (delegated by Freedom Party),NI,NI,NI,NI,NI,NI
LUX,Xavier Bettel,Prime Minister Minister of Communications and the Media  Minister of State  Minister of Administrative Reform,DP,Demokratesch Partei,DP,Democratic Party,Liberal,RE,Strongly in favour of EU integration
LUX,Etienne Schneider,First Deputy Prime Minister Minister of the Economy  Minister of Health,LSAP,Lëtzebuerger Sozialistesch Aarbechterpartei,LSAP,Luxembourg Socialist Workers’ Party,Centre-left,S&D,Strongly in favour of EU integration
LUX,Félix Braz,Second Deputy Prime Minister Minister of Justice,DG,Déi Gréng,Gréng,The Greens,Green politics,Greens/EFA,In favour of EU integration
LUX,Jean Asselborn,Minister of Foreign Affairs  Minister of Immigration and Asylum,LSAP,Lëtzebuerger Sozialistesch Aarbechterpartei,LSAP,Luxembourg Socialist Workers’ Party,Centre-left,S&D,Strongly in favour of EU integration
LUX,Daniel Kersch,"Minister of Sport  Minister of Labour, Employment and the Social and Solidarity Economy",LSAP,Lëtzebuerger Sozialistesch Aarbechterpartei,LSAP,Luxembourg Socialist Workers’ Party,Centre-left,S&D,Strongly in favour of EU integration
LUX,Romain Schneider,Minister of Agriculture  Minister of Social Affairs,LSAP,Lëtzebuerger Sozialistesch Aarbechterpartei,LSAP,Luxembourg Socialist Workers’ Party,Centre-left,S&D,Strongly in favour of EU integration
LUX,François Bausch,"Minister of Mobility, Transport, & Public Works Minister of Defence Minister of Domestic Security",DG,Déi Gréng,Gréng,The Greens,Green politics,Greens/EFA,In favour of EU integration
LUX,Paulette Lenert,Minister of Development Cooperation and Humanitarian Affairs  Minister of Consumer Protection,LSAP,Lëtzebuerger Sozialistesch Aarbechterpartei,LSAP,Luxembourg Socialist Workers’ Party,Centre-left,S&D,Strongly in favour of EU integration
LUX,Sam Tanson,Minister of Housing  Minister of Culture,DG,Déi Gréng,Gréng,The Greens,Green politics,Greens/EFA,In favour of EU integration
LUX,Pierre Gramegna,Minister of Finance,DP,Demokratesch Partei,DP,Democratic Party,Liberal,RE,Strongly in favour of EU integration
LUX,Taina Bofferding,Minister of the Interior  Minister of Equal Opportunities,LSAP,Lëtzebuerger Sozialistesch Aarbechterpartei,LSAP,Luxembourg Socialist Workers’ Party,Centre-left,S&D,Strongly in favour of EU integration
LUX,Claude Meisch,Minister of Children and Youth  Minister of Higher Education and Research  Minister of National Education,DP,Demokratesch Partei,DP,Democratic Party,Liberal,RE,Strongly in favour of EU integration
LUX,Corinne Cahen,Minister of the Greater Region  Minister of Family and Integration,DP,Demokratesch Partei,DP,Democratic Party,Liberal,RE,Strongly in favour of EU integration
LUX,Carole Dieschbourg,"Minister of the Environment, Climate, and Sustainable Development",DG,Déi Gréng,Gréng,The Greens,Green politics,Greens/EFA,In favour of EU integration
LUX,Claude Turmes,Minister of Energy  Minister of Spatial Planning,DG,Déi Gréng,Gréng,The Greens,Green politics,Greens/EFA,In favour of EU integration
LUX,Marc Hansen,Minister of the Civil Service  Minister of Relations with Parliament,DP,Demokratesch Partei,DP,Democratic Party,Liberal,RE,Strongly in favour of EU integration
LUX,Lex Delles,Minister of Small and Medium Enterprises  Minister of Tourism,DP,Demokratesch Partei,DP,Democratic Party,Liberal,RE,Strongly in favour of EU integration
LVA,Krišjānis Kariņš,Prime Minister,New Unity,Vienotība,NA,Unity,Centre-right,EPP,Strongly in favour of EU integration
LVA,Jānis Bordāns,Minister for JusticeVice Prime Minister,New Conservative Party,Jaunā Konservatīvā Partija,JKP,New Conservative Party,Centre-right,→EPP,In favour of EU integration
LVA,Artis Pabriks,Minister for DefenceVice Prime Minister,Development/For!,Kustība Par!,PAR,Movement For!,Liberal,RE,Strongly in favour of EU integration
LVA,Jānis Vitenbergs,Minister for Economics,PCL,Par cilvēcīgu Latviju,PCL,For a Humane Latvia,Right-wing,→EPP,Somewhat in favour of EU integration
LVA,Jānis Reirs,Minister for Finance,New Unity,Vienotība,NA,Unity,Centre-right,EPP,Strongly in favour of EU integration
LVA,Edgars Rinkēvičs,Minister for Foreign Affairs,New Unity,Vienotība,NA,Unity,Centre-right,EPP,Strongly in favour of EU integration
LVA,Sandis Ģirģens,Minister for the Interior,PCL,Par cilvēcīgu Latviju,PCL,For a Humane Latvia,Right-wing,→EPP,Somewhat in favour of EU integration
LVA,Ilga Šuplinska,Minister for Education and Science,New Conservative Party,Jaunā Konservatīvā Partija,JKP,New Conservative Party,Centre-right,→EPP,In favour of EU integration
LVA,Nauris Puntulis,Minister for Culture,National Alliance,Nacionālā Apvienība,NA,National Alliance,National-conservative,ECR,Somewhat in favour of EU integration
LVA,Ramona Petraviča,Minister for Welfare,PCL,Par cilvēcīgu Latviju,PCL,For a Humane Latvia,Right-wing,→EPP,Somewhat in favour of EU integration
LVA,Artūrs Toms Plešs,Minister for Environmental Protection and Regional Development,Development/For!,Kustība Par!,PAR,Movement For!,Liberal,RE,Strongly in favour of EU integration
LVA,Tālis Linkaits,Minister for Transport,New Conservative Party,Jaunā Konservatīvā Partija,JKP,New Conservative Party,Centre-right,→EPP,In favour of EU integration
LVA,Daniels Pavļuts,Minister for Health,Development/For!,Kustība Par!,PAR,Movement For!,Liberal,RE,Strongly in favour of EU integration
LVA,Kaspars Gerhards,Minister for Agriculture,National Alliance,Nacionālā Apvienība,NA,National Alliance,National-conservative,ECR,Somewhat in favour of EU integration
MLT,Robert Abela,Prime Minister,Labour,Partit Laburista,PL,Labour Party,Centre-left,S&D,In favour of EU integration
MLT,Chris Fearne,Deputy Prime Minister & Minister for Health,Labour,Partit Laburista,PL,Labour Party,Centre-left,S&D,In favour of EU integration
MLT,Silvio Schembri,Minister for the Economy & Industry,Labour,Partit Laburista,PL,Labour Party,Centre-left,S&D,In favour of EU integration
MLT,Owen Bonnici,"Minister for Innovation, Research & the Co-ordination of the post Covid-19 Strategy",Labour,Partit Laburista,PL,Labour Party,Centre-left,S&D,In favour of EU integration
MLT,Justyne Caruana,Minister for Education,Labour,Partit Laburista,PL,Labour Party,Centre-left,S&D,In favour of EU integration
MLT,Aaron Farrugia,"Minister for the Environment, Climate Change and Planning",Labour,Partit Laburista,PL,Labour Party,Centre-left,S&D,In favour of EU integration
MLT,Michael Falzon,"Minister for Social Justice & Solidarity, The Family & Children's Rights",Labour,Partit Laburista,PL,Labour Party,Centre-left,S&D,In favour of EU integration
MLT,Clyde Caruana,Minister for Finance & Employment,Labour,Partit Laburista,PL,Labour Party,Centre-left,S&D,In favour of EU integration
MLT,Evarist Bartolo,Minister for European & Foreign Affairs,Labour,Partit Laburista,PL,Labour Party,Centre-left,S&D,In favour of EU integration
MLT,Clint Camilleri,Minister for Gozo,Labour,Partit Laburista,PL,Labour Party,Centre-left,S&D,In favour of EU integration
MLT,Byron Camilleri,"Minister for Home Affairs, Law Enforcement and National Security",Labour,Partit Laburista,PL,Labour Party,Centre-left,S&D,In favour of EU integration
MLT,Edward Zammit Lewis,"Minister for Justice, Equality and Governance",Labour,Partit Laburista,PL,Labour Party,Centre-left,S&D,In favour of EU integration
MLT,Clayton Bartolo,Minister for Tourism & Consumer Protection,Labour,Partit Laburista,PL,Labour Party,Centre-left,S&D,In favour of EU integration
MLT,Miriam Dalli,"Minister for Energy, Enterprise & Sustainable Development",Labour,Partit Laburista,PL,Labour Party,Centre-left,S&D,In favour of EU integration
MLT,Ian Borg,"Minister for Transport, Infrastructure and Capital Projects",Labour,Partit Laburista,PL,Labour Party,Centre-left,S&D,In favour of EU integration
MLT,Jose Herrera,"Minister for National Heritage, Arts and Local Government",Labour,Partit Laburista,PL,Labour Party,Centre-left,S&D,In favour of EU integration
MLT,Roderick Galdes,Minister for Social Accommodation,Labour,Partit Laburista,PL,Labour Party,Centre-left,S&D,In favour of EU integration
MLT,Anton Refalo,"Minister for Agriculture, Fisheries, Food & Animal Rights",Labour,Partit Laburista,PL,Labour Party,Centre-left,S&D,In favour of EU integration
MLT,Carmelo Abela,Minister within OPM  (Social Dialogue and the Electoral Manifesto's Implemenation),Labour,Partit Laburista,PL,Labour Party,Centre-left,S&D,In favour of EU integration
MLT,Julia Farrugia Portelli,Minister for Inclusion & Social Wellbeing,Labour,Partit Laburista,PL,Labour Party,Centre-left,S&D,In favour of EU integration
NLD,Drs.Mark Rutte,Prime Minister,VVD,Volkspartij voor Vrijheid en Democratie,VVD,People’s Party for Freedom and Democracy,Liberal,RE,Somewhat in favour of EU integration
NLD,Drs.Mark Rutte,Minister of General Affairs,VVD,Volkspartij voor Vrijheid en Democratie,VVD,People’s Party for Freedom and Democracy,Liberal,RE,Somewhat in favour of EU integration
NLD,Hugo de Jonge,First Deputy Prime Minister,CDA,Christen-Democratisch Appèl,CDA,Christian Democratic Appeal,Centre-right,EPP,Somewhat in favour of EU integration
NLD,Hugo de Jonge,"Minister of Health, Welfare and Sport",CDA,Christen-Democratisch Appèl,CDA,Christian Democratic Appeal,Centre-right,EPP,Somewhat in favour of EU integration
NLD,Jkvr. Drs.Kajsa Ollongren,Second Deputy Prime Minister,D66,Democraten 66,D66,Democrats 66,Liberal,RE,Strongly in favour of EU integration
NLD,Drs.Carola Schouten,Third Deputy Prime Minister,CU,ChristenUnie,CU,Christian Union,Centre-right,EPP,Neutral towards EU integration
NLD,Drs.Carola Schouten,"Minister of Agriculture, Nature and Food Quality",CU,ChristenUnie,CU,Christian Union,Centre-right,EPP,Neutral towards EU integration
NLD,Drs.Stef Blok,Minister of Foreign Affairs,VVD,Volkspartij voor Vrijheid en Democratie,VVD,People’s Party for Freedom and Democracy,Liberal,RE,Somewhat in favour of EU integration
NLD,Mr. Dr.Ferdinand Grapperhaus,Minister of Justice and Security,CDA,Christen-Democratisch Appèl,CDA,Christian Democratic Appeal,Centre-right,EPP,Somewhat in favour of EU integration
NLD,Jkvr. Drs.Kajsa Ollongren,Minister of the Interior and Kingdom Relations,D66,Democraten 66,D66,Democrats 66,Liberal,RE,Strongly in favour of EU integration
NLD,Mr. Drs.Ingrid van Engelshoven,"Minister of Education, Culture and Science",D66,Democraten 66,D66,Democrats 66,Liberal,RE,Strongly in favour of EU integration
NLD,Mr.Wopke HoekstraMBA,Minister of Finance,CDA,Christen-Democratisch Appèl,CDA,Christian Democratic Appeal,Centre-right,EPP,Somewhat in favour of EU integration
NLD,Drs.Ank Bijleveld,Minister of Defence,CDA,Christen-Democratisch Appèl,CDA,Christian Democratic Appeal,Centre-right,EPP,Somewhat in favour of EU integration
NLD,Drs.Cora van Nieuwenhuizen,Minister of Infrastructure and Water Management,VVD,Volkspartij voor Vrijheid en Democratie,VVD,People’s Party for Freedom and Democracy,Liberal,RE,Somewhat in favour of EU integration
NLD,Bas van 't Wout,Minister of Economic Affairs and Climate Policy,VVD,Volkspartij voor Vrijheid en Democratie,VVD,People’s Party for Freedom and Democracy,Liberal,RE,Somewhat in favour of EU integration
NLD,Drs.Wouter Koolmees,Minister of Social Affairs and Employment,D66,Democraten 66,D66,Democrats 66,Liberal,RE,Strongly in favour of EU integration
NLD,"Sigrid KaagMA, MPhil","Minister for Foreign Trade and Development Cooperation
within Foreign Affairs",D66,Democraten 66,D66,Democrats 66,Liberal,RE,Strongly in favour of EU integration
NLD,Drs.Sander Dekker,"Minister for Legal Protection
within Justice and Security",VVD,Volkspartij voor Vrijheid en Democratie,VVD,People’s Party for Freedom and Democracy,Liberal,RE,Somewhat in favour of EU integration
NLD,Drs.Arie Slob,"Minister for Primary and Secondary Education and Media
within Education, Culture and Science",CU,ChristenUnie,CU,Christian Union,Centre-right,EPP,Neutral towards EU integration
NLD,Drs.Tamara van Ark,"Minister for Medical Care and Sport
within Health, Welfare and Sport",VVD,Volkspartij voor Vrijheid en Democratie,VVD,People’s Party for Freedom and Democracy,Liberal,RE,Somewhat in favour of EU integration
NLD,Mr.Ankie Broekers-Knol,State Secretary for Justice and Security(Minister for Migration)[v],VVD,Volkspartij voor Vrijheid en Democratie,VVD,People’s Party for Freedom and Democracy,Liberal,RE,Somewhat in favour of EU integration
NLD,Drs.Raymond Knops,State Secretary for the Interior and Kingdom Relations,CDA,Christen-Democratisch Appèl,CDA,Christian Democratic Appeal,Centre-right,EPP,Somewhat in favour of EU integration
NLD,Dr.Hans Vijlbrief,State Secretary for Finance,D66,Democraten 66,D66,Democrats 66,Liberal,RE,Strongly in favour of EU integration
NLD,Drs.Alexandra van Huffelen,State Secretary for Finance,D66,Democraten 66,D66,Democrats 66,Liberal,RE,Strongly in favour of EU integration
NLD,Drs.Barbara Visser,State Secretary for Defence,VVD,Volkspartij voor Vrijheid en Democratie,VVD,People’s Party for Freedom and Democracy,Liberal,RE,Somewhat in favour of EU integration
NLD,Drs.Stientje van Veldhoven,State Secretary for Infrastructure and Water Management,D66,Democraten 66,D66,Democrats 66,Liberal,RE,Strongly in favour of EU integration
NLD,Mr. Drs.Mona Keijzer,State Secretary for Economic Affairs and Climate Policy,CDA,Christen-Democratisch Appèl,CDA,Christian Democratic Appeal,Centre-right,EPP,Somewhat in favour of EU integration
NLD,Drs.Paul Blokhuis,"State Secretary for Health, Welfare and Sport",CU,ChristenUnie,CU,Christian Union,Centre-right,EPP,Neutral towards EU integration
POL,Mateusz Morawiecki,Prime Minister,Law and Justice,Prawo i Sprawiedliwość,PiS,Law and Justice,National-conservative,ECR,Somewhat opposed to EU integration
POL,Mateusz Morawiecki,Minister of Sport,Law and Justice,Prawo i Sprawiedliwość,PiS,Law and Justice,National-conservative,ECR,Somewhat opposed to EU integration
POL,Piotr Gliński,Deputy Prime Minister,Law and Justice,Prawo i Sprawiedliwość,PiS,Law and Justice,National-conservative,ECR,Somewhat opposed to EU integration
POL,Piotr Gliński,"Minister of Culture , National Heritage and Sport",Law and Justice,Prawo i Sprawiedliwość,PiS,Law and Justice,National-conservative,ECR,Somewhat opposed to EU integration
POL,Piotr Gliński,Chairman of the Public Benefit Committee,Law and Justice,Prawo i Sprawiedliwość,PiS,Law and Justice,National-conservative,ECR,Somewhat opposed to EU integration
POL,Jarosław Gowin,Deputy Prime Minister,Agreement,Porozumienie,NA,Agreement,Centre-right,ECR,Somewhat opposed to EU integration
POL,Jarosław Gowin,Deputy Prime Minister,Agreement,Porozumienie,NA,Agreement,Centre-right,ECR,Somewhat opposed to EU integration
POL,Jarosław Gowin,"Minister of Development, Labor and Technology",Agreement,Porozumienie,NA,Agreement,Centre-right,ECR,Somewhat opposed to EU integration
POL,Jarosław Gowin,Minister of Science and Higher Education,Agreement,Porozumienie,NA,Agreement,Centre-right,ECR,Somewhat opposed to EU integration
POL,Wojciech Murdzek,Minister of Science and Higher Education,Agreement,Porozumienie,NA,Agreement,Centre-right,ECR,Somewhat opposed to EU integration
POL,Przemysław Czarnek,Minister of Education and Science,Law and Justice,Prawo i Sprawiedliwość,PiS,Law and Justice,National-conservative,ECR,Somewhat opposed to EU integration
POL,Jacek Sasin,Deputy Prime Minister,Law and Justice,Prawo i Sprawiedliwość,PiS,Law and Justice,National-conservative,ECR,Somewhat opposed to EU integration
POL,Jacek Sasin,Minister of State Assets,Law and Justice,Prawo i Sprawiedliwość,PiS,Law and Justice,National-conservative,ECR,Somewhat opposed to EU integration
POL,Jarosław Kaczyński,Deputy Prime Minister,Law and Justice,Prawo i Sprawiedliwość,PiS,Law and Justice,National-conservative,ECR,Somewhat opposed to EU integration
POL,Andrzej Adamczyk,Minister of Infrastructure,Law and Justice,Prawo i Sprawiedliwość,PiS,Law and Justice,National-conservative,ECR,Somewhat opposed to EU integration
POL,Jan Krzysztof Ardanowski,Minister of Agriculture and Rural Development,Law and Justice,Prawo i Sprawiedliwość,PiS,Law and Justice,National-conservative,ECR,Somewhat opposed to EU integration
POL,Grzegorz Puda,Minister of Agriculture and Rural Development,Law and Justice,Prawo i Sprawiedliwość,PiS,Law and Justice,National-conservative,ECR,Somewhat opposed to EU integration
POL,Mariusz Błaszczak,Minister of National Defence,Law and Justice,Prawo i Sprawiedliwość,PiS,Law and Justice,National-conservative,ECR,Somewhat opposed to EU integration
POL,Jacek Czaputowicz,Minister of Foreign Affairs,Independent,NI,NI,NI,NI,NI,NI
POL,Zbigniew Rau,Minister of Foreign Affairs,Law and Justice,Prawo i Sprawiedliwość,PiS,Law and Justice,National-conservative,ECR,Somewhat opposed to EU integration
POL,Michał Dworczyk,"Minister, Chief of the Chancellery of the Prime Minister",Law and Justice,Prawo i Sprawiedliwość,PiS,Law and Justice,National-conservative,ECR,Somewhat opposed to EU integration
POL,Jadwiga Emilewicz,Minister of development,Agreement,Porozumienie,NA,Agreement,Centre-right,ECR,Somewhat opposed to EU integration
POL,Jadwiga Emilewicz,Deputy Prime Minister,Agreement,Porozumienie,NA,Agreement,Centre-right,ECR,Somewhat opposed to EU integration
POL,Marek Gróbarczyk,Minister of Marine Economy and Inland Navigation,Law and Justice,Prawo i Sprawiedliwość,PiS,Law and Justice,National-conservative,ECR,Somewhat opposed to EU integration
POL,Małgorzata Jarosińska-Jedynak,Minister of Funds and Regional Policy,Independent,NI,NI,NI,NI,NI,NI
POL,Mariusz Kamiński,Minister of Interior and Administration,Law and Justice,Prawo i Sprawiedliwość,PiS,Law and Justice,National-conservative,ECR,Somewhat opposed to EU integration
POL,Tadeusz Kościński,Minister of Finances,Independent,NI,NI,NI,NI,NI,NI
POL,Michał Kurtyka,Minister of Climate and Environment,Independent,NI,NI,NI,NI,NI,NI
POL,Marlena Maląg,"Minister of Family, Labour and Social Policy",Law and Justice,Prawo i Sprawiedliwość,PiS,Law and Justice,National-conservative,ECR,Somewhat opposed to EU integration
POL,Dariusz Piontkowski,Minister of National Education,Law and Justice,Prawo i Sprawiedliwość,PiS,Law and Justice,National-conservative,ECR,Somewhat opposed to EU integration
POL,Łukasz Schreiber,Minister,Law and Justice,Prawo i Sprawiedliwość,PiS,Law and Justice,National-conservative,ECR,Somewhat opposed to EU integration
POL,Michał Wójcik,Minister,Solidaric Poland,Solidarna Polska,SP,Solidaric Poland,Right-wing to far-right,ECR,Opposed to EU integration
POL,Michał Cieślak,Minister,Agreement,Porozumienie,NA,Agreement,Centre-right,ECR,Somewhat opposed to EU integration
POL,Łukasz Szumowski,Minister of Health,Independent,NI,NI,NI,NI,NI,NI
POL,Adam Niedzielski,Minister of Health,Independent,NI,NI,NI,NI,NI,NI
POL,Konrad Szymański,Minister for the European Union,Law and Justice,Prawo i Sprawiedliwość,PiS,Law and Justice,National-conservative,ECR,Somewhat opposed to EU integration
POL,Michał Woś,Minister of Environment,Solidaric Poland,Solidarna Polska,SP,Solidaric Poland,Right-wing to far-right,ECR,Opposed to EU integration
POL,Marek Zagórski,Minister of Digital Affairs,Law and Justice,Prawo i Sprawiedliwość,PiS,Law and Justice,National-conservative,ECR,Somewhat opposed to EU integration
POL,Zbigniew Ziobro,Minister of Justice,Solidaric Poland,Solidarna Polska,SP,Solidaric Poland,Right-wing to far-right,ECR,Opposed to EU integration
POL,Danuta Dmowska-Andrzejuk,Minister of Sport,Independent,NI,NI,NI,NI,NI,NI
PRT,António Costa,Prime Minister,Socialist Party,Partido Socialista,PS,Socialist Party,Centre-left,S&D,Strongly in favour of EU integration
PRT,Augusto Santos Silva,Foreign Affairs,Socialist Party,Partido Socialista,PS,Socialist Party,Centre-left,S&D,Strongly in favour of EU integration
PRT,Mariana Vieira da Silva,Presidency and Administrative Modernization,Socialist Party,Partido Socialista,PS,Socialist Party,Centre-left,S&D,Strongly in favour of EU integration
PRT,João Leão,Finance,Independent,NI,NI,NI,NI,NI,NI
PRT,João Gomes Cravinho,National Defence,Independent,NI,NI,NI,NI,NI,NI
PRT,Eduardo Cabrita,Internal Administration,Socialist Party,Partido Socialista,PS,Socialist Party,Centre-left,S&D,Strongly in favour of EU integration
PRT,Francisca Van Dunem,Justice,Independent,NI,NI,NI,NI,NI,NI
PRT,Pedro Siza Vieira,Economy,Independent,NI,NI,NI,NI,NI,NI
PRT,Graça Fonseca,Culture,Socialist Party,Partido Socialista,PS,Socialist Party,Centre-left,S&D,Strongly in favour of EU integration
PRT,Manuel Heitor,"Science, Technology and Higher Education",Independent,NI,NI,NI,NI,NI,NI
PRT,Tiago Brandão Rodrigues,Education,Independent,NI,NI,NI,NI,NI,NI
PRT,José António Vieira da Silva,"Labour, Solidarity, and Social Security",Socialist Party,Partido Socialista,PS,Socialist Party,Centre-left,S&D,Strongly in favour of EU integration
PRT,Marta Temido,Health,Independent,NI,NI,NI,NI,NI,NI
PRT,Nelson de Souza,Planning,Socialist Party,Partido Socialista,PS,Socialist Party,Centre-left,S&D,Strongly in favour of EU integration
PRT,Pedro Nuno Santos,Infrastructure and Housing,Socialist Party,Partido Socialista,PS,Socialist Party,Centre-left,S&D,Strongly in favour of EU integration
PRT,João Pedro Matos Fernandes,Environment and Energy Transition,Socialist Party,Partido Socialista,PS,Socialist Party,Centre-left,S&D,Strongly in favour of EU integration
PRT,Luís Capoulas Santos,"Agriculture, Forestry, and Rural Development",Socialist Party,Partido Socialista,PS,Socialist Party,Centre-left,S&D,Strongly in favour of EU integration
PRT,Ana Paula Vitorino,Sea,Socialist Party,Partido Socialista,PS,Socialist Party,Centre-left,S&D,Strongly in favour of EU integration
ROU,Florin Cîțu,Prime Minister,PNL,Partidul Național Liberal,PNL,National Liberal Party,Centre-right,EPP,In favour of EU integration
ROU,Dan Barna,Deputy Prime Minister,USR-PLUS,USRPLUS,NA,USRPLUS,Liberal,RE,Strongly in favour of EU integration
ROU,Hunor Kelemen,Deputy Prime Minister,UDMR,Uniunea Democrată Maghiară din România,UDMR,Democratic Alliance of Hungarians in Romania,Centre-right,EPP,In favour of EU integration
ROU,Sorin Cîmpeanu,Minister of Education,PNL,Partidul Național Liberal,PNL,National Liberal Party,Centre-right,EPP,In favour of EU integration
ROU,Virgil-Daniel Popescu,Minister of Energy,PNL,Partidul Național Liberal,PNL,National Liberal Party,Centre-right,EPP,In favour of EU integration
ROU,Claudiu Năsui,"Minister of Economy, Entrepreneurship and Tourism",USR-PLUS,USRPLUS,NA,USRPLUS,Liberal,RE,Strongly in favour of EU integration
ROU,Bogdan Aurescu,Minister of Foreign Affairs,Independent,NI,NI,NI,NI,NI,NI
ROU,Nicolae Ciucă,Minister of National Defence,PNL,Partidul Național Liberal,PNL,National Liberal Party,Centre-right,EPP,In favour of EU integration
ROU,Raluca Turcan,Minister of Labour and Social Protection,PNL,Partidul Național Liberal,PNL,National Liberal Party,Centre-right,EPP,In favour of EU integration
ROU,Attila Cseke,"Minister for Development, Public Works and Administration",UDMR,Uniunea Democrată Maghiară din România,UDMR,Democratic Alliance of Hungarians in Romania,Centre-right,EPP,In favour of EU integration
ROU,Barna Tánczos,"Minister of Environment, Water and Forests",UDMR,Uniunea Democrată Maghiară din România,UDMR,Democratic Alliance of Hungarians in Romania,Centre-right,EPP,In favour of EU integration
ROU,Cătălin Drulă,Minister for Transport and Infrastructure,USR-PLUS,USRPLUS,NA,USRPLUS,Liberal,RE,Strongly in favour of EU integration
ROU,Alexandru Nazare,Minister of Finance,PNL,Partidul Național Liberal,PNL,National Liberal Party,Centre-right,EPP,In favour of EU integration
ROU,Stelian Ion,Minister of Justice,USR-PLUS,USRPLUS,NA,USRPLUS,Liberal,RE,Strongly in favour of EU integration
ROU,Nechita-Adrian Oros,Minister of Agriculture and Rural Development,PNL,Partidul Național Liberal,PNL,National Liberal Party,Centre-right,EPP,In favour of EU integration
ROU,Vlad Voiculescu,Minister of Health,USR-PLUS,USRPLUS,NA,USRPLUS,Liberal,RE,Strongly in favour of EU integration
ROU,Lucian Bode,Minister of Internal Affairs,PNL,Partidul Național Liberal,PNL,National Liberal Party,Centre-right,EPP,In favour of EU integration
ROU,Cristian Ghinea,Minister of Investments and European Projects,USR-PLUS,USRPLUS,NA,USRPLUS,Liberal,RE,Strongly in favour of EU integration
ROU,Bogdan Gheorghiu,Minister of Culture,PNL,Partidul Național Liberal,PNL,National Liberal Party,Centre-right,EPP,In favour of EU integration
ROU,Eduard Novak,Minister for Youth and Sport,UDMR,Uniunea Democrată Maghiară din România,UDMR,Democratic Alliance of Hungarians in Romania,Centre-right,EPP,In favour of EU integration
ROU,Ciprian Teleman,"Minister of Research, Innovation and Digitalization",USR-PLUS,USRPLUS,NA,USRPLUS,Liberal,RE,Strongly in favour of EU integration
SWE,Stefan Löfven,Prime Minister,Social Democratic,Sveriges Socialdemokratiska Arbetareparti,NA,Social Democratic Workers’ Party of Sweden,Centre-left,S&D,In favour of EU integration
SWE,Margot Wallström,Deputy Prime Minister,Social Democratic,Sveriges Socialdemokratiska Arbetareparti,NA,Social Democratic Workers’ Party of Sweden,Centre-left,S&D,In favour of EU integration
SWE,Morgan Johansson (de facto),Deputy Prime Minister,Social Democratic,Sveriges Socialdemokratiska Arbetareparti,NA,Social Democratic Workers’ Party of Sweden,Centre-left,S&D,In favour of EU integration
SWE,Isabella Lövin (de jure),Deputy Prime Minister,Green,Miljöpartiet,MP,Green Party,"Green politics, Centre-left",Greens/EFA,Somewhat in favour of EU integration
SWE,Per Bolund (de jure),Deputy Prime Minister,Green,Miljöpartiet,MP,Green Party,"Green politics, Centre-left",Greens/EFA,Somewhat in favour of EU integration
SWE,Hans Dahlgren,Minister for EU Affairs,Social Democratic,Sveriges Socialdemokratiska Arbetareparti,NA,Social Democratic Workers’ Party of Sweden,Centre-left,S&D,In favour of EU integration
SWE,Morgan Johansson,Minister for JusticeMinister for Migration,Social Democratic,Sveriges Socialdemokratiska Arbetareparti,NA,Social Democratic Workers’ Party of Sweden,Centre-left,S&D,In favour of EU integration
SWE,Mikael Damberg,Minister of the Interior,Social Democratic,Sveriges Socialdemokratiska Arbetareparti,NA,Social Democratic Workers’ Party of Sweden,Centre-left,S&D,In favour of EU integration
SWE,Margot Wallström,Minister for Foreign Affairs,Social Democratic,Sveriges Socialdemokratiska Arbetareparti,NA,Social Democratic Workers’ Party of Sweden,Centre-left,S&D,In favour of EU integration
SWE,Ann Linde,Minister for Foreign Affairs,Social Democratic,Sveriges Socialdemokratiska Arbetareparti,NA,Social Democratic Workers’ Party of Sweden,Centre-left,S&D,In favour of EU integration
SWE,Ann Linde,Minister for Foreign Trade Minister for Nordic Cooperation,Social Democratic,Sveriges Socialdemokratiska Arbetareparti,NA,Social Democratic Workers’ Party of Sweden,Centre-left,S&D,In favour of EU integration
SWE,Anna Hallberg,Minister for Foreign Trade Minister for Nordic Cooperation,Social Democratic,Sveriges Socialdemokratiska Arbetareparti,NA,Social Democratic Workers’ Party of Sweden,Centre-left,S&D,In favour of EU integration
SWE,Peter Eriksson,Minister for International Development Cooperation,Green,Miljöpartiet,MP,Green Party,"Green politics, Centre-left",Greens/EFA,Somewhat in favour of EU integration
SWE,Isabella Lövin (acting),Minister for International Development Cooperation,Green,Miljöpartiet,MP,Green Party,"Green politics, Centre-left",Greens/EFA,Somewhat in favour of EU integration
SWE,Per Olsson Fridh,Minister for International Development Cooperation,Green,Miljöpartiet,MP,Green Party,"Green politics, Centre-left",Greens/EFA,Somewhat in favour of EU integration
SWE,Peter Hultqvist,Minister for Defence,Social Democratic,Sveriges Socialdemokratiska Arbetareparti,NA,Social Democratic Workers’ Party of Sweden,Centre-left,S&D,In favour of EU integration
SWE,Lena Hallengren,Minister for Health and Social Affairs,Social Democratic,Sveriges Socialdemokratiska Arbetareparti,NA,Social Democratic Workers’ Party of Sweden,Centre-left,S&D,In favour of EU integration
SWE,Annika Strandhäll,Minister for Social Security,Social Democratic,Sveriges Socialdemokratiska Arbetareparti,NA,Social Democratic Workers’ Party of Sweden,Centre-left,S&D,In favour of EU integration
SWE,Ardalan Shekarabi,Minister for Social Security,Social Democratic,Sveriges Socialdemokratiska Arbetareparti,NA,Social Democratic Workers’ Party of Sweden,Centre-left,S&D,In favour of EU integration
SWE,Magdalena Andersson,Minister for Finance,Social Democratic,Sveriges Socialdemokratiska Arbetareparti,NA,Social Democratic Workers’ Party of Sweden,Centre-left,S&D,In favour of EU integration
SWE,Per Bolund,Minister for Financial MarketsMinister for HousingDeputy Minister for Finance,Green,Miljöpartiet,MP,Green Party,"Green politics, Centre-left",Greens/EFA,Somewhat in favour of EU integration
SWE,Åsa Lindhagen,Minister for Financial MarketsDeputy Minister for Finance,Green,Miljöpartiet,MP,Green Party,"Green politics, Centre-left",Greens/EFA,Somewhat in favour of EU integration
SWE,Ardalan Shekarabi,Minister for Public AdministrationMinister for Consumer Affairs,Social Democratic,Sveriges Socialdemokratiska Arbetareparti,NA,Social Democratic Workers’ Party of Sweden,Centre-left,S&D,In favour of EU integration
SWE,Lena Micko,Minister for Public AdministrationMinister for Consumer Affairs,Social Democratic,Sveriges Socialdemokratiska Arbetareparti,NA,Social Democratic Workers’ Party of Sweden,Centre-left,S&D,In favour of EU integration
SWE,Anna Ekström,Minister for Education,Social Democratic,Sveriges Socialdemokratiska Arbetareparti,NA,Social Democratic Workers’ Party of Sweden,Centre-left,S&D,In favour of EU integration
SWE,Matilda Ernkrans,Minister for Higher Education and Research,Social Democratic,Sveriges Socialdemokratiska Arbetareparti,NA,Social Democratic Workers’ Party of Sweden,Centre-left,S&D,In favour of EU integration
SWE,Isabella Lövin,Minister for the EnvironmentMinister for the Climate,Green,Miljöpartiet,MP,Green Party,"Green politics, Centre-left",Greens/EFA,Somewhat in favour of EU integration
SWE,Per Bolund,Minister for the EnvironmentMinister for the Climate,Green,Miljöpartiet,MP,Green Party,"Green politics, Centre-left",Greens/EFA,Somewhat in favour of EU integration
SWE,Ibrahim Baylan,Minister for Enterprise,Social Democratic,Sveriges Socialdemokratiska Arbetareparti,NA,Social Democratic Workers’ Party of Sweden,Centre-left,S&D,In favour of EU integration
SWE,Jennie Nilsson,Minister for Rural Affairs,Social Democratic,Sveriges Socialdemokratiska Arbetareparti,NA,Social Democratic Workers’ Party of Sweden,Centre-left,S&D,In favour of EU integration
SWE,Amanda Lind,Minister for CultureMinister for Democracy Minister for Sports,Green,Miljöpartiet,MP,Green Party,"Green politics, Centre-left",Greens/EFA,Somewhat in favour of EU integration
SWE,Ylva Johansson,Minister for Employment,Social Democratic,Sveriges Socialdemokratiska Arbetareparti,NA,Social Democratic Workers’ Party of Sweden,Centre-left,S&D,In favour of EU integration
SWE,Eva Nordmark,Minister for Employment,Social Democratic,Sveriges Socialdemokratiska Arbetareparti,NA,Social Democratic Workers’ Party of Sweden,Centre-left,S&D,In favour of EU integration
SWE,Åsa Lindhagen,Minister for Gender EqualityMinister with responsibility for anti-discrimination and anti-segregation,Green,Miljöpartiet,MP,Green Party,"Green politics, Centre-left",Greens/EFA,Somewhat in favour of EU integration
SWE,Märta Stenevi,Minister for Gender EqualityMinister for Housing Minister with responsibility for anti-discrimination and anti-segregation,Green,Miljöpartiet,MP,Green Party,"Green politics, Centre-left",Greens/EFA,Somewhat in favour of EU integration
SWE,Tomas Eneroth,Minister for Infrastructure,Social Democratic,Sveriges Socialdemokratiska Arbetareparti,NA,Social Democratic Workers’ Party of Sweden,Centre-left,S&D,In favour of EU integration
SWE,Anders Ygeman,Minister for EnergyMinister for Digital Development,Social Democratic,Sveriges Socialdemokratiska Arbetareparti,NA,Social Democratic Workers’ Party of Sweden,Centre-left,S&D,In favour of EU integration
SVN,Janez Janša,Prime Minister,SDS,Slovenska Demokratska Stranka,SDS,Slovenian Democratic Party,Centre-right to right-wing,EPP,Somewhat in favour of EU integration
SVN,Zdravko Počivalšek,Deputy Prime MinisterMinister of Economic Development and Technology,SMC,Stranka Modernega Centra,SMC,Modern Centre Party,Liberal,RE,Strongly in favour of EU integration
SVN,Matej Tonin,Deputy Prime MinisterMinister of Defence,NSi,Nova Slovenija – Krščanski Demokrati,NSi,New Slovenia,Centre-right,EPP,In favour of EU integration
SVN,Jože Podgoršek,"Minister of Agriculture, Forestry and Food",DeSUS,Demokratična Stranka Upokojencev Slovenije,DeSUS,Democratic Party of Pensioners of Slovenia,Centrist,RE,In favour of EU integration
SVN,Simona Kustec,"Minister of Education, Science and Sport",SMC,Stranka Modernega Centra,SMC,Modern Centre Party,Liberal,RE,Strongly in favour of EU integration
SVN,Janez Cigler Kralj,"Minister of Labour, Family, Social Affairs and Equal Opportunity",NSi,Nova Slovenija – Krščanski Demokrati,NSi,New Slovenia,Centre-right,EPP,In favour of EU integration
SVN,Jernej Vrtovec,Minister of Infrastructure,NSi,Nova Slovenija – Krščanski Demokrati,NSi,New Slovenia,Centre-right,EPP,In favour of EU integration
SVN,Aleš Hojs,Minister of the Interior,SDS,Slovenska Demokratska Stranka,SDS,Slovenian Democratic Party,Centre-right to right-wing,EPP,Somewhat in favour of EU integration
SVN,Andrej Vizjak,Minister of Environment and Spatial Planning,SDS,Slovenska Demokratska Stranka,SDS,Slovenian Democratic Party,Centre-right to right-wing,EPP,Somewhat in favour of EU integration
SVN,Andrej Šircelj,Minister of Finance,SDS,Slovenska Demokratska Stranka,SDS,Slovenian Democratic Party,Centre-right to right-wing,EPP,Somewhat in favour of EU integration
SVN,Vasko Simoniti,Minister of Culture,SDS,Slovenska Demokratska Stranka,SDS,Slovenian Democratic Party,Centre-right to right-wing,EPP,Somewhat in favour of EU integration
SVN,"Janez Poklukar
",Minister of Health,Ind.,NA,NA,NA,NA,NA,NA
SVN,Boštjan Koritnik,Minister of Public Administration,SMC,Stranka Modernega Centra,SMC,Modern Centre Party,Liberal,RE,Strongly in favour of EU integration
SVN,Anže Logar,Minister of Foreign Affairs,SDS,Slovenska Demokratska Stranka,SDS,Slovenian Democratic Party,Centre-right to right-wing,EPP,Somewhat in favour of EU integration
SVN,Lilijana Kozlovič,Minister of Justice,SMC,Stranka Modernega Centra,SMC,Modern Centre Party,Liberal,RE,Strongly in favour of EU integration
SVN,Zvone Černač,Minister without portfolio for Development and European Cohesion Policy,SDS,Slovenska Demokratska Stranka,SDS,Slovenian Democratic Party,Centre-right to right-wing,EPP,Somewhat in favour of EU integration
SVN,Helena Jaklitsch,Minister without portfolio for Slovenian Diaspora,SDS,Slovenska Demokratska Stranka,SDS,Slovenian Democratic Party,Centre-right to right-wing,EPP,Somewhat in favour of EU integration
SVK,Igor Matovič,Prime Minister,OLaNO,Obyčajní Ľudia,OL’aNO,Ordinary People,Centre-right,EPP,Somewhat in favour of EU integration
SVK,Štefan Hollý,Deputy Prime Minister for Legislation and Strategic Planning,Sme Rodina,Sme Rodina,SME RODINA,We Are Family,Right-wing,ID,Somewhat opposed to EU integration
SVK,Veronika Remišová,Deputy Prime Minister and Minister of Investments and Regional Development,ZL,Za ľudí,ZL’,For the People,Centre-right,→EPP,Strongly in favour of EU integration
SVK,Richard Sulík,Deputy Prime Minister for Economic Affairs and Minister of Economy,SaS,Sloboda a Solidarita,SaS,Freedom and Solidarity,Libertarian,ECR,Neutral towards EU integration
SVK,Eduard Heger,Deputy Prime Minister and Minister of Finance,OLaNO,Obyčajní Ľudia,OL’aNO,Ordinary People,Centre-right,EPP,Somewhat in favour of EU integration
SVK,Roman Mikulec,Minister of Internal affairs,OLaNO,Obyčajní Ľudia,OL’aNO,Ordinary People,Centre-right,EPP,Somewhat in favour of EU integration
SVK,Marek Krajčí,Minister of Health,OLaNO,Obyčajní Ľudia,OL’aNO,Ordinary People,Centre-right,EPP,Somewhat in favour of EU integration
SVK,Eduard Heger(acting),Minister of Health,OLaNO,Obyčajní Ľudia,OL’aNO,Ordinary People,Centre-right,EPP,Somewhat in favour of EU integration
SVK,Jaroslav Naď,Minister of Defence,OLaNO,Obyčajní Ľudia,OL’aNO,Ordinary People,Centre-right,EPP,Somewhat in favour of EU integration
SVK,Mária Kolíková,Minister of Justice,ZL,Za ľudí,ZL’,For the People,Centre-right,→EPP,Strongly in favour of EU integration
SVK,Richard Sulík(acting),Minister of Foreign and European Affairs,SaS,Sloboda a Solidarita,SaS,Freedom and Solidarity,Libertarian,ECR,Neutral towards EU integration
SVK,Ivan Korčok,Minister of Foreign and European Affairs,Independent(SaS),NI,NI,NI,NI,NI,NI
SVK,Branislav Gröhling,"Minister of Education, Science, Research and Sport",SaS,Sloboda a Solidarita,SaS,Freedom and Solidarity,Libertarian,ECR,Neutral towards EU integration
SVK,Milan Krajniak,"Minister of Labour, Social Affairs and Family",Sme Rodina,Sme Rodina,SME RODINA,We Are Family,Right-wing,ID,Somewhat opposed to EU integration
SVK,Andrej Doležal(acting),"Minister of Labour, Social Affairs and Family",Independent(SR),NI,NI,NI,NI,NI,NI
SVK,Andrej Doležal,Minister of Transport and Construction,Independent(SR),NI,NI,NI,NI,NI,NI
SVK,Natália Milanová,Minister of Culture,OLaNO,Obyčajní Ľudia,OL’aNO,Ordinary People,Centre-right,EPP,Somewhat in favour of EU integration
SVK,Ján Mičovský,Minister of Agriculture and Rural Development,OLaNO,Obyčajní Ľudia,OL’aNO,Ordinary People,Centre-right,EPP,Somewhat in favour of EU integration
SVK,Ján Budaj,Minister of Environment,OLaNO,Obyčajní Ľudia,OL’aNO,Ordinary People,Centre-right,EPP,Somewhat in favour of EU integration
